Entity;Continent;Latitude;Longitude;Average temperature per year;Hospital beds per 1000 people;Medical doctors per 1000 people;GDP/Capita;Population;Median age;Population aged 65 and over (%);Date;Daily tests;Cases;Deaths;Daily Cases
Albania;Europe;41,15;20,17;14;2,89;1,29;5353,2;2873457;38;14;2020-02-25;8;;;
Albania;Europe;41,15;20,17;14;2,89;1,29;5353,2;2873457;38;14;2020-02-26;5;;;0
Albania;Europe;41,15;20,17;14;2,89;1,29;5353,2;2873457;38;14;2020-02-27;4;;;0
Albania;Europe;41,15;20,17;14;2,89;1,29;5353,2;2873457;38;14;2020-02-28;1;;;0
Albania;Europe;41,15;20,17;14;2,89;1,29;5353,2;2873457;38;14;2020-02-29;8;;;0
Albania;Europe;41,15;20,17;14;2,89;1,29;5353,2;2873457;38;14;2020-03-01;3;;;0
Albania;Europe;41,15;20,17;14;2,89;1,29;5353,2;2873457;38;14;2020-03-02;2;;;0
Albania;Europe;41,15;20,17;14;2,89;1,29;5353,2;2873457;38;14;2020-03-03;5;;;0
Albania;Europe;41,15;20,17;14;2,89;1,29;5353,2;2873457;38;14;2020-03-04;6;;;0
Albania;Europe;41,15;20,17;14;2,89;1,29;5353,2;2873457;38;14;2020-03-05;8;;;0
Albania;Europe;41,15;20,17;14;2,89;1,29;5353,2;2873457;38;14;2020-03-06;3;;;0
Albania;Europe;41,15;20,17;14;2,89;1,29;5353,2;2873457;38;14;2020-03-07;5;;;0
Albania;Europe;41,15;20,17;14;2,89;1,29;5353,2;2873457;38;14;2020-03-08;1;;;0
Albania;Europe;41,15;20,17;14;2,89;1,29;5353,2;2873457;38;14;2020-03-09;18;2;;2
Albania;Europe;41,15;20,17;14;2,89;1,29;5353,2;2873457;38;14;2020-03-10;37;10;;8
Albania;Europe;41,15;20,17;14;2,89;1,29;5353,2;2873457;38;14;2020-03-11;43;12;1;2
Albania;Europe;41,15;20,17;14;2,89;1,29;5353,2;2873457;38;14;2020-03-12;141;23;1;11
Albania;Europe;41,15;20,17;14;2,89;1,29;5353,2;2873457;38;14;2020-03-13;159;33;1;10
Albania;Europe;41,15;20,17;14;2,89;1,29;5353,2;2873457;38;14;2020-03-14;48;38;1;5
Albania;Europe;41,15;20,17;14;2,89;1,29;5353,2;2873457;38;14;2020-03-15;27;42;1;4
Albania;Europe;41,15;20,17;14;2,89;1,29;5353,2;2873457;38;14;2020-03-16;31;51;1;9
Albania;Europe;41,15;20,17;14;2,89;1,29;5353,2;2873457;38;14;2020-03-17;42;55;1;4
Albania;Europe;41,15;20,17;14;2,89;1,29;5353,2;2873457;38;14;2020-03-18;60;59;2;4
Albania;Europe;41,15;20,17;14;2,89;1,29;5353,2;2873457;38;14;2020-03-19;32;64;2;5
Albania;Europe;41,15;20,17;14;2,89;1,29;5353,2;2873457;38;14;2020-03-20;35;70;2;6
Albania;Europe;41,15;20,17;14;2,89;1,29;5353,2;2873457;38;14;2020-03-21;46;76;2;6
Albania;Europe;41,15;20,17;14;2,89;1,29;5353,2;2873457;38;14;2020-03-22;33;89;2;13
Albania;Europe;41,15;20,17;14;2,89;1,29;5353,2;2873457;38;14;2020-03-23;;104;4;15
Albania;Europe;41,15;20,17;14;2,89;1,29;5353,2;2873457;38;14;2020-03-24;;123;5;19
Albania;Europe;41,15;20,17;14;2,89;1,29;5353,2;2873457;38;14;2020-03-25;111;146;5;23
Albania;Europe;41,15;20,17;14;2,89;1,29;5353,2;2873457;38;14;2020-03-26;103;174;6;28
Albania;Europe;41,15;20,17;14;2,89;1,29;5353,2;2873457;38;14;2020-03-27;102;186;8;12
Albania;Europe;41,15;20,17;14;2,89;1,29;5353,2;2873457;38;14;2020-03-28;79;197;10;11
Albania;Europe;41,15;20,17;14;2,89;1,29;5353,2;2873457;38;14;2020-03-29;111;212;10;15
Albania;Europe;41,15;20,17;14;2,89;1,29;5353,2;2873457;38;14;2020-03-30;90;223;11;11
Albania;Europe;41,15;20,17;14;2,89;1,29;5353,2;2873457;38;14;2020-03-31;145;243;15;20
Albania;Europe;41,15;20,17;14;2,89;1,29;5353,2;2873457;38;14;2020-04-01;152;259;15;16
Albania;Europe;41,15;20,17;14;2,89;1,29;5353,2;2873457;38;14;2020-04-02;96;277;16;18
Albania;Europe;41,15;20,17;14;2,89;1,29;5353,2;2873457;38;14;2020-04-03;112;304;17;27
Albania;Europe;41,15;20,17;14;2,89;1,29;5353,2;2873457;38;14;2020-04-04;216;333;20;29
Albania;Europe;41,15;20,17;14;2,89;1,29;5353,2;2873457;38;14;2020-04-05;149;361;20;28
Albania;Europe;41,15;20,17;14;2,89;1,29;5353,2;2873457;38;14;2020-04-06;175;377;21;16
Albania;Europe;41,15;20,17;14;2,89;1,29;5353,2;2873457;38;14;2020-04-07;182;383;22;6
Albania;Europe;41,15;20,17;14;2,89;1,29;5353,2;2873457;38;14;2020-04-08;236;400;22;17
Albania;Europe;41,15;20,17;14;2,89;1,29;5353,2;2873457;38;14;2020-04-09;234;409;23;9
Albania;Europe;41,15;20,17;14;2,89;1,29;5353,2;2873457;38;14;2020-04-10;162;416;23;7
Albania;Europe;41,15;20,17;14;2,89;1,29;5353,2;2873457;38;14;2020-04-11;259;433;23;17
Albania;Europe;41,15;20,17;14;2,89;1,29;5353,2;2873457;38;14;2020-04-12;233;446;23;13
Albania;Europe;41,15;20,17;14;2,89;1,29;5353,2;2873457;38;14;2020-04-13;193;467;23;21
Albania;Europe;41,15;20,17;14;2,89;1,29;5353,2;2873457;38;14;2020-04-14;236;475;24;8
Albania;Europe;41,15;20,17;14;2,89;1,29;5353,2;2873457;38;14;2020-04-15;252;494;25;19
Albania;Europe;41,15;20,17;14;2,89;1,29;5353,2;2873457;38;14;2020-04-16;269;518;26;24
Albania;Europe;41,15;20,17;14;2,89;1,29;5353,2;2873457;38;14;2020-04-17;253;539;26;21
Albania;Europe;41,15;20,17;14;2,89;1,29;5353,2;2873457;38;14;2020-04-18;231;548;26;9
Albania;Europe;41,15;20,17;14;2,89;1,29;5353,2;2873457;38;14;2020-04-19;231;562;26;14
Albania;Europe;41,15;20,17;14;2,89;1,29;5353,2;2873457;38;14;2020-04-20;233;584;26;22
Albania;Europe;41,15;20,17;14;2,89;1,29;5353,2;2873457;38;14;2020-04-21;242;609;26;25
Albania;Europe;41,15;20,17;14;2,89;1,29;5353,2;2873457;38;14;2020-04-22;252;634;27;25
Albania;Europe;41,15;20,17;14;2,89;1,29;5353,2;2873457;38;14;2020-04-23;240;663;27;29
Albania;Europe;41,15;20,17;14;2,89;1,29;5353,2;2873457;38;14;2020-04-24;259;678;27;15
Albania;Europe;41,15;20,17;14;2,89;1,29;5353,2;2873457;38;14;2020-04-25;247;712;27;34
Albania;Europe;41,15;20,17;14;2,89;1,29;5353,2;2873457;38;14;2020-04-26;264;726;28;14
Albania;Europe;41,15;20,17;14;2,89;1,29;5353,2;2873457;38;14;2020-04-27;212;736;28;10
Albania;Europe;41,15;20,17;14;2,89;1,29;5353,2;2873457;38;14;2020-04-28;267;750;30;14
Albania;Europe;41,15;20,17;14;2,89;1,29;5353,2;2873457;38;14;2020-04-29;270;766;30;16
Albania;Europe;41,15;20,17;14;2,89;1,29;5353,2;2873457;38;14;2020-04-30;225;773;31;7
Albania;Europe;41,15;20,17;14;2,89;1,29;5353,2;2873457;38;14;2020-05-01;245;782;31;9
Albania;Europe;41,15;20,17;14;2,89;1,29;5353,2;2873457;38;14;2020-05-02;171;789;31;7
Albania;Europe;41,15;20,17;14;2,89;1,29;5353,2;2873457;38;14;2020-05-03;197;795;31;6
Albania;Europe;41,15;20,17;14;2,89;1,29;5353,2;2873457;38;14;2020-05-04;140;803;31;8
Albania;Europe;41,15;20,17;14;2,89;1,29;5353,2;2873457;38;14;2020-05-05;270;820;31;17
Albania;Europe;41,15;20,17;14;2,89;1,29;5353,2;2873457;38;14;2020-05-06;255;832;31;12
Albania;Europe;41,15;20,17;14;2,89;1,29;5353,2;2873457;38;14;2020-05-07;275;842;31;10
Albania;Europe;41,15;20,17;14;2,89;1,29;5353,2;2873457;38;14;2020-05-08;238;850;31;8
Albania;Europe;41,15;20,17;14;2,89;1,29;5353,2;2873457;38;14;2020-05-09;224;856;31;6
Albania;Europe;41,15;20,17;14;2,89;1,29;5353,2;2873457;38;14;2020-05-10;170;868;31;12
Albania;Europe;41,15;20,17;14;2,89;1,29;5353,2;2873457;38;14;2020-05-11;121;872;31;4
Albania;Europe;41,15;20,17;14;2,89;1,29;5353,2;2873457;38;14;2020-05-12;243;876;31;4
Albania;Europe;41,15;20,17;14;2,89;1,29;5353,2;2873457;38;14;2020-05-13;246;880;31;4
Albania;Europe;41,15;20,17;14;2,89;1,29;5353,2;2873457;38;14;2020-05-14;191;898;31;18
Albania;Europe;41,15;20,17;14;2,89;1,29;5353,2;2873457;38;14;2020-05-15;219;916;31;18
Albania;Europe;41,15;20,17;14;2,89;1,29;5353,2;2873457;38;14;2020-05-16;306;933;31;17
Albania;Europe;41,15;20,17;14;2,89;1,29;5353,2;2873457;38;14;2020-05-17;260;946;31;13
Albania;Europe;41,15;20,17;14;2,89;1,29;5353,2;2873457;38;14;2020-05-18;168;948;31;2
Albania;Europe;41,15;20,17;14;2,89;1,29;5353,2;2873457;38;14;2020-05-19;177;949;31;1
Albania;Europe;41,15;20,17;14;2,89;1,29;5353,2;2873457;38;14;2020-05-20;186;964;31;15
Albania;Europe;41,15;20,17;14;2,89;1,29;5353,2;2873457;38;14;2020-05-21;204;969;31;5
Albania;Europe;41,15;20,17;14;2,89;1,29;5353,2;2873457;38;14;2020-05-22;174;981;31;12
Albania;Europe;41,15;20,17;14;2,89;1,29;5353,2;2873457;38;14;2020-05-23;200;989;31;8
Albania;Europe;41,15;20,17;14;2,89;1,29;5353,2;2873457;38;14;2020-05-24;146;998;32;9
Albania;Europe;41,15;20,17;14;2,89;1,29;5353,2;2873457;38;14;2020-05-25;54;1004;32;6
Albania;Europe;41,15;20,17;14;2,89;1,29;5353,2;2873457;38;14;2020-05-26;173;1029;33;25
Albania;Europe;41,15;20,17;14;2,89;1,29;5353,2;2873457;38;14;2020-05-27;262;1050;33;21
Albania;Europe;41,15;20,17;14;2,89;1,29;5353,2;2873457;38;14;2020-05-28;225;1076;33;26
Albania;Europe;41,15;20,17;14;2,89;1,29;5353,2;2873457;38;14;2020-05-29;276;1099;33;23
Albania;Europe;41,15;20,17;14;2,89;1,29;5353,2;2873457;38;14;2020-05-30;229;1122;33;23
Albania;Europe;41,15;20,17;14;2,89;1,29;5353,2;2873457;38;14;2020-05-31;225;1137;33;15
Albania;Europe;41,15;20,17;14;2,89;1,29;5353,2;2873457;38;14;2020-06-01;102;1143;33;6
Albania;Europe;41,15;20,17;14;2,89;1,29;5353,2;2873457;38;14;2020-06-02;243;1164;33;21
Albania;Europe;41,15;20,17;14;2,89;1,29;5353,2;2873457;38;14;2020-06-03;297;1184;33;20
Albania;Europe;41,15;20,17;14;2,89;1,29;5353,2;2873457;38;14;2020-06-04;282;1197;33;13
Albania;Europe;41,15;20,17;14;2,89;1,29;5353,2;2873457;38;14;2020-06-05;162;1212;33;15
Albania;Europe;41,15;20,17;14;2,89;1,29;5353,2;2873457;38;14;2020-06-06;253;1232;34;20
Albania;Europe;41,15;20,17;14;2,89;1,29;5353,2;2873457;38;14;2020-06-07;193;1246;34;14
Albania;Europe;41,15;20,17;14;2,89;1,29;5353,2;2873457;38;14;2020-06-08;102;1263;34;17
Albania;Europe;41,15;20,17;14;2,89;1,29;5353,2;2873457;38;14;2020-06-09;359;1299;34;36
Albania;Europe;41,15;20,17;14;2,89;1,29;5353,2;2873457;38;14;2020-06-10;311;1341;34;42
Albania;Europe;41,15;20,17;14;2,89;1,29;5353,2;2873457;38;14;2020-06-11;291;1385;35;44
Albania;Europe;41,15;20,17;14;2,89;1,29;5353,2;2873457;38;14;2020-06-12;300;1416;36;31
Albania;Europe;41,15;20,17;14;2,89;1,29;5353,2;2873457;38;14;2020-06-13;270;1464;36;48
Albania;Europe;41,15;20,17;14;2,89;1,29;5353,2;2873457;38;14;2020-06-14;362;1521;36;57
Albania;Europe;41,15;20,17;14;2,89;1,29;5353,2;2873457;38;14;2020-06-15;319;1590;36;69
Albania;Europe;41,15;20,17;14;2,89;1,29;5353,2;2873457;38;14;2020-06-16;364;1672;37;82
Albania;Europe;41,15;20,17;14;2,89;1,29;5353,2;2873457;38;14;2020-06-17;333;1722;38;50
Albania;Europe;41,15;20,17;14;2,89;1,29;5353,2;2873457;38;14;2020-06-18;280;1788;39;66
Albania;Europe;41,15;20,17;14;2,89;1,29;5353,2;2873457;38;14;2020-06-19;330;1838;42;50
Albania;Europe;41,15;20,17;14;2,89;1,29;5353,2;2873457;38;14;2020-06-20;320;1891;43;53
Albania;Europe;41,15;20,17;14;2,89;1,29;5353,2;2873457;38;14;2020-06-21;327;1962;44;71
Albania;Europe;41,15;20,17;14;2,89;1,29;5353,2;2873457;38;14;2020-06-22;239;1995;44;33
Albania;Europe;41,15;20,17;14;2,89;1,29;5353,2;2873457;38;14;2020-06-23;328;2047;45;52
Albania;Europe;41,15;20,17;14;2,89;1,29;5353,2;2873457;38;14;2020-06-24;347;2114;47;67
Albania;Europe;41,15;20,17;14;2,89;1,29;5353,2;2873457;38;14;2020-06-25;344;2192;49;78
Albania;Europe;41,15;20,17;14;2,89;1,29;5353,2;2873457;38;14;2020-06-26;402;2269;51;77
Albania;Europe;41,15;20,17;14;2,89;1,29;5353,2;2873457;38;14;2020-06-27;355;2330;53;61
Albania;Europe;41,15;20,17;14;2,89;1,29;5353,2;2873457;38;14;2020-06-28;374;2402;55;72
Albania;Europe;41,15;20,17;14;2,89;1,29;5353,2;2873457;38;14;2020-06-29;371;2466;58;64
Albania;Europe;41,15;20,17;14;2,89;1,29;5353,2;2873457;38;14;2020-06-30;371;2535;62;69
Albania;Europe;41,15;20,17;14;2,89;1,29;5353,2;2873457;38;14;2020-07-01;269;2580;65;45
Albania;Europe;41,15;20,17;14;2,89;1,29;5353,2;2873457;38;14;2020-07-02;368;2662;69;82
Albania;Europe;41,15;20,17;14;2,89;1,29;5353,2;2873457;38;14;2020-07-03;362;2752;72;90
Albania;Europe;41,15;20,17;14;2,89;1,29;5353,2;2873457;38;14;2020-07-04;376;2819;74;67
Albania;Europe;41,15;20,17;14;2,89;1,29;5353,2;2873457;38;14;2020-07-05;392;2893;76;74
Albania;Europe;41,15;20,17;14;2,89;1,29;5353,2;2873457;38;14;2020-07-06;459;2964;79;71
Albania;Europe;41,15;20,17;14;2,89;1,29;5353,2;2873457;38;14;2020-07-07;409;3038;81;74
Albania;Europe;41,15;20,17;14;2,89;1,29;5353,2;2873457;38;14;2020-07-08;397;3106;83;68
Albania;Europe;41,15;20,17;14;2,89;1,29;5353,2;2873457;38;14;2020-07-09;401;3188;83;82
Albania;Europe;41,15;20,17;14;2,89;1,29;5353,2;2873457;38;14;2020-07-10;420;3278;85;90
Albania;Europe;41,15;20,17;14;2,89;1,29;5353,2;2873457;38;14;2020-07-11;420;3371;89;93
Albania;Europe;41,15;20,17;14;2,89;1,29;5353,2;2873457;38;14;2020-07-12;420;3454;93;83
Albania;Europe;41,15;20,17;14;2,89;1,29;5353,2;2873457;38;14;2020-07-13;585;3571;95;117
Albania;Europe;41,15;20,17;14;2,89;1,29;5353,2;2873457;38;14;2020-07-14;451;3667;97;96
Albania;Europe;41,15;20,17;14;2,89;1,29;5353,2;2873457;38;14;2020-07-15;361;3752;101;85
Albania;Europe;41,15;20,17;14;2,89;1,29;5353,2;2873457;38;14;2020-07-16;425;3851;104;99
Albania;Europe;41,15;20,17;14;2,89;1,29;5353,2;2873457;38;14;2020-07-17;431;3906;107;55
Albania;Europe;41,15;20,17;14;2,89;1,29;5353,2;2873457;38;14;2020-07-18;501;4008;111;102
Albania;Europe;41,15;20,17;14;2,89;1,29;5353,2;2873457;38;14;2020-07-19;331;4090;112;82
Albania;Europe;41,15;20,17;14;2,89;1,29;5353,2;2873457;38;14;2020-07-20;267;4171;113;81
Albania;Europe;41,15;20,17;14;2,89;1,29;5353,2;2873457;38;14;2020-07-21;482;4290;117;119
Albania;Europe;41,15;20,17;14;2,89;1,29;5353,2;2873457;38;14;2020-07-22;496;4358;120;68
Albania;Europe;41,15;20,17;14;2,89;1,29;5353,2;2873457;38;14;2020-07-23;477;4466;123;108
Albania;Europe;41,15;20,17;14;2,89;1,29;5353,2;2873457;38;14;2020-07-24;564;4570;128;104
Albania;Europe;41,15;20,17;14;2,89;1,29;5353,2;2873457;38;14;2020-07-25;304;4637;134;67
Albania;Europe;41,15;20,17;14;2,89;1,29;5353,2;2873457;38;14;2020-07-26;504;4763;138;126
Albania;Europe;41,15;20,17;14;2,89;1,29;5353,2;2873457;38;14;2020-07-27;500;4880;144;117
Albania;Europe;41,15;20,17;14;2,89;1,29;5353,2;2873457;38;14;2020-07-28;507;4997;148;117
Albania;Europe;41,15;20,17;14;2,89;1,29;5353,2;2873457;38;14;2020-07-29;502;5105;150;108
Albania;Europe;41,15;20,17;14;2,89;1,29;5353,2;2873457;38;14;2020-07-30;507;5197;154;92
Albania;Europe;41,15;20,17;14;2,89;1,29;5353,2;2873457;38;14;2020-07-31;500;5276;157;79
Albania;Europe;41,15;20,17;14;2,89;1,29;5353,2;2873457;38;14;2020-08-01;510;5396;161;120
Albania;Europe;41,15;20,17;14;2,89;1,29;5353,2;2873457;38;14;2020-08-02;474;5519;166;123
Albania;Europe;41,15;20,17;14;2,89;1,29;5353,2;2873457;38;14;2020-08-03;474;5620;172;101
Albania;Europe;41,15;20,17;14;2,89;1,29;5353,2;2873457;38;14;2020-08-04;546;5750;176;130
Albania;Europe;41,15;20,17;14;2,89;1,29;5353,2;2873457;38;14;2020-08-05;561;5889;182;139
Albania;Europe;41,15;20,17;14;2,89;1,29;5353,2;2873457;38;14;2020-08-06;531;6016;188;127
Albania;Europe;41,15;20,17;14;2,89;1,29;5353,2;2873457;38;14;2020-08-07;586;6151;189;135
Albania;Europe;41,15;20,17;14;2,89;1,29;5353,2;2873457;38;14;2020-08-08;500;6275;193;124
Albania;Europe;41,15;20,17;14;2,89;1,29;5353,2;2873457;38;14;2020-08-09;561;6411;199;136
Albania;Europe;41,15;20,17;14;2,89;1,29;5353,2;2873457;38;14;2020-08-10;506;6536;200;125
Albania;Europe;41,15;20,17;14;2,89;1,29;5353,2;2873457;38;14;2020-08-11;603;6676;205;140
Albania;Europe;41,15;20,17;14;2,89;1,29;5353,2;2873457;38;14;2020-08-12;625;6817;208;141
Albania;Europe;41,15;20,17;14;2,89;1,29;5353,2;2873457;38;14;2020-08-13;643;6971;213;154
Albania;Europe;41,15;20,17;14;2,89;1,29;5353,2;2873457;38;14;2020-08-14;639;7117;219;146
Albania;Europe;41,15;20,17;14;2,89;1,29;5353,2;2873457;38;14;2020-08-15;650;7260;225;143
Albania;Europe;41,15;20,17;14;2,89;1,29;5353,2;2873457;38;14;2020-08-16;626;7380;228;120
Albania;Europe;41,15;20,17;14;2,89;1,29;5353,2;2873457;38;14;2020-08-17;501;7499;230;119
Albania;Europe;41,15;20,17;14;2,89;1,29;5353,2;2873457;38;14;2020-08-18;932;7654;232;155
Albania;Europe;41,15;20,17;14;2,89;1,29;5353,2;2873457;38;14;2020-08-19;864;7812;234;158
Albania;Europe;41,15;20,17;14;2,89;1,29;5353,2;2873457;38;14;2020-08-20;847;7967;238;155
Albania;Europe;41,15;20,17;14;2,89;1,29;5353,2;2873457;38;14;2020-08-21;864;8119;240;152
Albania;Europe;41,15;20,17;14;2,89;1,29;5353,2;2873457;38;14;2020-08-22;837;8275;245;156
Albania;Europe;41,15;20,17;14;2,89;1,29;5353,2;2873457;38;14;2020-08-23;785;8427;250;152
Albania;Europe;41,15;20,17;14;2,89;1,29;5353,2;2873457;38;14;2020-08-24;947;8605;254;178
Albania;Europe;41,15;20,17;14;2,89;1,29;5353,2;2873457;38;14;2020-08-25;870;8759;259;154
Albania;Europe;41,15;20,17;14;2,89;1,29;5353,2;2873457;38;14;2020-08-26;878;8927;263;168
Albania;Europe;41,15;20,17;14;2,89;1,29;5353,2;2873457;38;14;2020-08-27;865;9083;266;156
Albania;Europe;41,15;20,17;14;2,89;1,29;5353,2;2873457;38;14;2020-08-28;801;9195;271;112
Albania;Europe;41,15;20,17;14;2,89;1,29;5353,2;2873457;38;14;2020-08-29;796;9279;275;84
Albania;Europe;41,15;20,17;14;2,89;1,29;5353,2;2873457;38;14;2020-08-30;803;9380;280;101
Albania;Europe;41,15;20,17;14;2,89;1,29;5353,2;2873457;38;14;2020-08-31;820;9513;284;133
Albania;Europe;41,15;20,17;14;2,89;1,29;5353,2;2873457;38;14;2020-09-01;812;9606;290;93
Albania;Europe;41,15;20,17;14;2,89;1,29;5353,2;2873457;38;14;2020-09-02;856;9728;296;122
Albania;Europe;41,15;20,17;14;2,89;1,29;5353,2;2873457;38;14;2020-09-03;835;9844;301;116
Albania;Europe;41,15;20,17;14;2,89;1,29;5353,2;2873457;38;14;2020-09-04;857;9967;306;123
Albania;Europe;41,15;20,17;14;2,89;1,29;5353,2;2873457;38;14;2020-09-05;860;10102;312;135
Albania;Europe;41,15;20,17;14;2,89;1,29;5353,2;2873457;38;14;2020-09-06;847;10255;316;153
Albania;Europe;41,15;20,17;14;2,89;1,29;5353,2;2873457;38;14;2020-09-07;824;10406;319;151
Albania;Europe;41,15;20,17;14;2,89;1,29;5353,2;2873457;38;14;2020-09-08;830;10553;321;147
Albania;Europe;41,15;20,17;14;2,89;1,29;5353,2;2873457;38;14;2020-09-09;852;10704;322;151
Albania;Europe;41,15;20,17;14;2,89;1,29;5353,2;2873457;38;14;2020-09-10;870;10860;324;156
Albania;Europe;41,15;20,17;14;2,89;1,29;5353,2;2873457;38;14;2020-09-11;875;11021;327;161
Albania;Europe;41,15;20,17;14;2,89;1,29;5353,2;2873457;38;14;2020-09-12;872;11185;330;164
Albania;Europe;41,15;20,17;14;2,89;1,29;5353,2;2873457;38;14;2020-09-13;877;11353;334;168
Albania;Europe;41,15;20,17;14;2,89;1,29;5353,2;2873457;38;14;2020-09-14;862;11520;338;167
Albania;Europe;41,15;20,17;14;2,89;1,29;5353,2;2873457;38;14;2020-09-15;810;11672;340;152
Albania;Europe;41,15;20,17;14;2,89;1,29;5353,2;2873457;38;14;2020-09-16;824;11816;343;144
Albania;Europe;41,15;20,17;14;2,89;1,29;5353,2;2873457;38;14;2020-09-17;817;11948;347;132
Albania;Europe;41,15;20,17;14;2,89;1,29;5353,2;2873457;38;14;2020-09-18;833;12073;353;125
Albania;Europe;41,15;20,17;14;2,89;1,29;5353,2;2873457;38;14;2020-09-19;836;12226;358;153
Albania;Europe;41,15;20,17;14;2,89;1,29;5353,2;2873457;38;14;2020-09-20;844;12385;362;159
Albania;Europe;41,15;20,17;14;2,89;1,29;5353,2;2873457;38;14;2020-09-21;809;12535;364;150
Albania;Europe;41,15;20,17;14;2,89;1,29;5353,2;2873457;38;14;2020-09-22;825;12666;367;131
Albania;Europe;41,15;20,17;14;2,89;1,29;5353,2;2873457;38;14;2020-09-23;887;12787;370;121
Albania;Europe;41,15;20,17;14;2,89;1,29;5353,2;2873457;38;14;2020-09-24;852;12921;370;134
Albania;Europe;41,15;20,17;14;2,89;1,29;5353,2;2873457;38;14;2020-09-25;808;13045;373;124
Albania;Europe;41,15;20,17;14;2,89;1,29;5353,2;2873457;38;14;2020-09-26;811;13153;375;108
Albania;Europe;41,15;20,17;14;2,89;1,29;5353,2;2873457;38;14;2020-09-27;832;13259;377;106
Albania;Europe;41,15;20,17;14;2,89;1,29;5353,2;2873457;38;14;2020-09-28;824;13391;380;132
Albania;Europe;41,15;20,17;14;2,89;1,29;5353,2;2873457;38;14;2020-09-29;820;13518;384;127
Albania;Europe;41,15;20,17;14;2,89;1,29;5353,2;2873457;38;14;2020-09-30;842;13649;387;131
Albania;Europe;41,15;20,17;14;2,89;1,29;5353,2;2873457;38;14;2020-10-01;1013;13806;388;157
Albania;Europe;41,15;20,17;14;2,89;1,29;5353,2;2873457;38;14;2020-10-02;1085;13965;389;159
Albania;Europe;41,15;20,17;14;2,89;1,29;5353,2;2873457;38;14;2020-10-03;1008;14117;392;152
Albania;Europe;41,15;20,17;14;2,89;1,29;5353,2;2873457;38;14;2020-10-04;963;14266;396;149
Albania;Europe;41,15;20,17;14;2,89;1,29;5353,2;2873457;38;14;2020-10-05;912;14410;400;144
Albania;Europe;41,15;20,17;14;2,89;1,29;5353,2;2873457;38;14;2020-10-06;905;14568;403;158
Albania;Europe;41,15;20,17;14;2,89;1,29;5353,2;2873457;38;14;2020-10-07;914;14730;407;162
Albania;Europe;41,15;20,17;14;2,89;1,29;5353,2;2873457;38;14;2020-10-08;971;14899;411;169
Albania;Europe;41,15;20,17;14;2,89;1,29;5353,2;2873457;38;14;2020-10-09;932;15066;413;167
Albania;Europe;41,15;20,17;14;2,89;1,29;5353,2;2873457;38;14;2020-10-10;960;15231;416;165
Albania;Europe;41,15;20,17;14;2,89;1,29;5353,2;2873457;38;14;2020-10-11;943;15399;420;168
Albania;Europe;41,15;20,17;14;2,89;1,29;5353,2;2873457;38;14;2020-10-12;952;15570;424;171
Albania;Europe;41,15;20,17;14;2,89;1,29;5353,2;2873457;38;14;2020-10-13;1055;15752;429;182
Albania;Europe;41,15;20,17;14;2,89;1,29;5353,2;2873457;38;14;2020-10-14;1351;15955;434;203
Albania;Europe;41,15;20,17;14;2,89;1,29;5353,2;2873457;38;14;2020-10-15;1398;16212;439;257
Albania;Europe;41,15;20,17;14;2,89;1,29;5353,2;2873457;38;14;2020-10-16;1402;16501;443;289
Albania;Europe;41,15;20,17;14;2,89;1,29;5353,2;2873457;38;14;2020-10-17;1289;16774;448;273
Albania;Europe;41,15;20,17;14;2,89;1,29;5353,2;2873457;38;14;2020-10-18;1276;17055;451;281
Albania;Europe;41,15;20,17;14;2,89;1,29;5353,2;2873457;38;14;2020-10-19;1413;17350;454;295
Albania;Europe;41,15;20,17;14;2,89;1,29;5353,2;2873457;38;14;2020-10-20;1407;17651;458;301
Albania;Europe;41,15;20,17;14;2,89;1,29;5353,2;2873457;38;14;2020-10-21;1375;17948;462;297
Albania;Europe;41,15;20,17;14;2,89;1,29;5353,2;2873457;38;14;2020-10-22;1405;18250;465;302
Albania;Europe;41,15;20,17;14;2,89;1,29;5353,2;2873457;38;14;2020-10-23;1412;18556;469;306
Albania;Europe;41,15;20,17;14;2,89;1,29;5353,2;2873457;38;14;2020-10-24;1329;18858;473;302
Albania;Europe;41,15;20,17;14;2,89;1,29;5353,2;2873457;38;14;2020-10-25;1315;19157;477;299
Albania;Europe;41,15;20,17;14;2,89;1,29;5353,2;2873457;38;14;2020-10-26;1304;19445;480;288
Albania;Europe;41,15;20,17;14;2,89;1,29;5353,2;2873457;38;14;2020-10-27;1278;19729;487;284
Albania;Europe;41,15;20,17;14;2,89;1,29;5353,2;2873457;38;14;2020-10-28;1397;20040;493;311
Albania;Europe;41,15;20,17;14;2,89;1,29;5353,2;2873457;38;14;2020-10-29;1422;20315;499;275
Albania;Europe;41,15;20,17;14;2,89;1,29;5353,2;2873457;38;14;2020-10-30;1534;20634;502;319
Albania;Europe;41,15;20,17;14;2,89;1,29;5353,2;2873457;38;14;2020-10-31;1260;20875;509;241
Albania;Europe;41,15;20,17;14;2,89;1,29;5353,2;2873457;38;14;2020-11-01;1472;21202;518;327
Albania;Europe;41,15;20,17;14;2,89;1,29;5353,2;2873457;38;14;2020-11-02;1446;21523;527;321
Albania;Europe;41,15;20,17;14;2,89;1,29;5353,2;2873457;38;14;2020-11-03;1684;21904;532;381
Albania;Europe;41,15;20,17;14;2,89;1,29;5353,2;2873457;38;14;2020-11-04;1725;22300;536;396
Albania;Europe;41,15;20,17;14;2,89;1,29;5353,2;2873457;38;14;2020-11-05;1744;22721;543;421
Albania;Europe;41,15;20,17;14;2,89;1,29;5353,2;2873457;38;14;2020-11-06;1954;23210;549;489
Albania;Europe;41,15;20,17;14;2,89;1,29;5353,2;2873457;38;14;2020-11-07;1927;23705;557;495
Albania;Europe;41,15;20,17;14;2,89;1,29;5353,2;2873457;38;14;2020-11-08;1942;24206;559;501
Albania;Europe;41,15;20,17;14;2,89;1,29;5353,2;2873457;38;14;2020-11-09;1967;24731;571;525
Albania;Europe;41,15;20,17;14;2,89;1,29;5353,2;2873457;38;14;2020-11-10;1739;25294;579;563
Albania;Europe;41,15;20,17;14;2,89;1,29;5353,2;2873457;38;14;2020-11-11;1864;25801;590;507
Albania;Europe;41,15;20,17;14;2,89;1,29;5353,2;2873457;38;14;2020-11-12;1559;26211;598;410
Albania;Europe;41,15;20,17;14;2,89;1,29;5353,2;2873457;38;14;2020-11-13;2051;26701;605;490
Albania;Europe;41,15;20,17;14;2,89;1,29;5353,2;2873457;38;14;2020-11-14;2055;27233;612;532
Albania;Europe;41,15;20,17;14;2,89;1,29;5353,2;2873457;38;14;2020-11-15;2106;27830;623;597
Albania;Europe;41,15;20,17;14;2,89;1,29;5353,2;2873457;38;14;2020-11-16;2086;28432;631;602
Albania;Europe;41,15;20,17;14;2,89;1,29;5353,2;2873457;38;14;2020-11-17;2137;29126;637;694
Albania;Europe;41,15;20,17;14;2,89;1,29;5353,2;2873457;38;14;2020-11-18;2117;29837;646;711
Albania;Europe;41,15;20,17;14;2,89;1,29;5353,2;2873457;38;14;2020-11-19;2152;30623;657;786
Albania;Europe;41,15;20,17;14;2,89;1,29;5353,2;2873457;38;14;2020-11-20;2198;31459;672;836
Albania;Europe;41,15;20,17;14;2,89;1,29;5353,2;2873457;38;14;2020-11-21;1942;32196;685;737
Albania;Europe;41,15;20,17;14;2,89;1,29;5353,2;2873457;38;14;2020-11-22;1627;32761;699;565
Albania;Europe;41,15;20,17;14;2,89;1,29;5353,2;2873457;38;14;2020-11-23;2032;33556;716;795
Albania;Europe;41,15;20,17;14;2,89;1,29;5353,2;2873457;38;14;2020-11-24;2095;34300;735;744
Albania;Europe;41,15;20,17;14;2,89;1,29;5353,2;2873457;38;14;2020-11-25;1727;34944;743;644
Albania;Europe;41,15;20,17;14;2,89;1,29;5353,2;2873457;38;14;2020-11-26;1777;35600;753;656
Albania;Europe;41,15;20,17;14;2,89;1,29;5353,2;2873457;38;14;2020-11-27;1778;36245;771;645
Albania;Europe;41,15;20,17;14;2,89;1,29;5353,2;2873457;38;14;2020-11-28;1416;36790;787;545
Albania;Europe;41,15;20,17;14;2,89;1,29;5353,2;2873457;38;14;2020-11-29;2120;37625;798;835
Albania;Europe;41,15;20,17;14;2,89;1,29;5353,2;2873457;38;14;2020-11-30;1948;38182;810;557
Albania;Europe;41,15;20,17;14;2,89;1,29;5353,2;2873457;38;14;2020-12-01;1702;39014;822;832
Albania;Europe;41,15;20,17;14;2,89;1,29;5353,2;2873457;38;14;2020-12-02;1830;39719;839;705
Albania;Europe;41,15;20,17;14;2,89;1,29;5353,2;2873457;38;14;2020-12-03;2125;40501;852;782
Albania;Europe;41,15;20,17;14;2,89;1,29;5353,2;2873457;38;14;2020-12-04;1915;41302;870;801
Albania;Europe;41,15;20,17;14;2,89;1,29;5353,2;2873457;38;14;2020-12-05;1851;42148;889;846
Albania;Europe;41,15;20,17;14;2,89;1,29;5353,2;2873457;38;14;2020-12-06;2063;42988;905;840
Albania;Europe;41,15;20,17;14;2,89;1,29;5353,2;2873457;38;14;2020-12-07;1963;43683;922;695
Albania;Europe;41,15;20,17;14;2,89;1,29;5353,2;2873457;38;14;2020-12-08;2532;44436;936;753
Albania;Europe;41,15;20,17;14;2,89;1,29;5353,2;2873457;38;14;2020-12-09;2620;45188;951;752
Albania;Europe;41,15;20,17;14;2,89;1,29;5353,2;2873457;38;14;2020-12-10;2714;46061;965;873
Albania;Europe;41,15;20,17;14;2,89;1,29;5353,2;2873457;38;14;2020-12-11;2604;46863;977;802
Albania;Europe;41,15;20,17;14;2,89;1,29;5353,2;2873457;38;14;2020-12-12;2734;47742;989;879
Albania;Europe;41,15;20,17;14;2,89;1,29;5353,2;2873457;38;14;2020-12-13;2501;48530;1003;788
Albania;Europe;41,15;20,17;14;2,89;1,29;5353,2;2873457;38;14;2020-12-14;2108;49191;1016;661
Albania;Europe;41,15;20,17;14;2,89;1,29;5353,2;2873457;38;14;2020-12-15;2711;50000;1028;809
Albania;Europe;41,15;20,17;14;2,89;1,29;5353,2;2873457;38;14;2020-12-16;2657;50637;1040;637
Albania;Europe;41,15;20,17;14;2,89;1,29;5353,2;2873457;38;14;2020-12-17;2745;51424;1055;787
Albania;Europe;41,15;20,17;14;2,89;1,29;5353,2;2873457;38;14;2020-12-18;2615;52004;1066;580
Albania;Europe;41,15;20,17;14;2,89;1,29;5353,2;2873457;38;14;2020-12-19;2276;52542;1074;538
Albania;Europe;41,15;20,17;14;2,89;1,29;5353,2;2873457;38;14;2020-12-20;1927;53003;1088;461
Albania;Europe;41,15;20,17;14;2,89;1,29;5353,2;2873457;38;14;2020-12-21;1908;53425;1098;422
Albania;Europe;41,15;20,17;14;2,89;1,29;5353,2;2873457;38;14;2020-12-22;2420;53814;1111;389
Albania;Europe;41,15;20,17;14;2,89;1,29;5353,2;2873457;38;14;2020-12-23;2210;54317;1117;503
Albania;Europe;41,15;20,17;14;2,89;1,29;5353,2;2873457;38;14;2020-12-24;2198;54827;1125;510
Albania;Europe;41,15;20,17;14;2,89;1,29;5353,2;2873457;38;14;2020-12-25;2184;55380;1134;553
Albania;Europe;41,15;20,17;14;2,89;1,29;5353,2;2873457;38;14;2020-12-26;1889;55755;1143;375
Albania;Europe;41,15;20,17;14;2,89;1,29;5353,2;2873457;38;14;2020-12-27;2165;56254;1153;499
Albania;Europe;41,15;20,17;14;2,89;1,29;5353,2;2873457;38;14;2020-12-28;1508;56572;1164;318
Albania;Europe;41,15;20,17;14;2,89;1,29;5353,2;2873457;38;14;2020-12-29;2682;57146;1170;574
Albania;Europe;41,15;20,17;14;2,89;1,29;5353,2;2873457;38;14;2020-12-30;2681;57727;1174;581
Albania;Europe;41,15;20,17;14;2,89;1,29;5353,2;2873457;38;14;2020-12-31;2350;58316;1181;589
Albania;Europe;41,15;20,17;14;2,89;1,29;5353,2;2873457;38;14;2021-01-01;1858;58316;1181;0
Albania;Europe;41,15;20,17;14;2,89;1,29;5353,2;2873457;38;14;2021-01-02;1025;58991;1190;675
Albania;Europe;41,15;20,17;14;2,89;1,29;5353,2;2873457;38;14;2021-01-03;2309;59438;1193;447
Albania;Europe;41,15;20,17;14;2,89;1,29;5353,2;2873457;38;14;2021-01-04;1281;59623;1199;185
Albania;Europe;41,15;20,17;14;2,89;1,29;5353,2;2873457;38;14;2021-01-05;3424;60283;1210;660
Albania;Europe;41,15;20,17;14;2,89;1,29;5353,2;2873457;38;14;2021-01-06;3906;61008;1217;725
Albania;Europe;41,15;20,17;14;2,89;1,29;5353,2;2873457;38;14;2021-01-07;3668;61705;1223;697
Albania;Europe;41,15;20,17;14;2,89;1,29;5353,2;2873457;38;14;2021-01-08;3927;62378;1230;673
Albania;Europe;41,15;20,17;14;2,89;1,29;5353,2;2873457;38;14;2021-01-09;4499;63033;1233;655
Albania;Europe;41,15;20,17;14;2,89;1,29;5353,2;2873457;38;14;2021-01-10;2997;63595;1241;562
Albania;Europe;41,15;20,17;14;2,89;1,29;5353,2;2873457;38;14;2021-01-11;1575;63971;1247;376
Albania;Europe;41,15;20,17;14;2,89;1,29;5353,2;2873457;38;14;2021-01-12;3727;64627;1252;656
Albania;Europe;41,15;20,17;14;2,89;1,29;5353,2;2873457;38;14;2021-01-13;3307;65334;1256;707
Albania;Europe;41,15;20,17;14;2,89;1,29;5353,2;2873457;38;14;2021-01-14;3695;65994;1261;660
Albania;Europe;41,15;20,17;14;2,89;1,29;5353,2;2873457;38;14;2021-01-15;3530;66635;1265;641
Albania;Europe;41,15;20,17;14;2,89;1,29;5353,2;2873457;38;14;2021-01-16;3029;67216;1270;581
Albania;Europe;41,15;20,17;14;2,89;1,29;5353,2;2873457;38;14;2021-01-17;2521;67690;1277;474
Albania;Europe;41,15;20,17;14;2,89;1,29;5353,2;2873457;38;14;2021-01-18;2343;67982;1281;292
Albania;Europe;41,15;20,17;14;2,89;1,29;5353,2;2873457;38;14;2021-01-19;2510;68568;1287;586
Albania;Europe;41,15;20,17;14;2,89;1,29;5353,2;2873457;38;14;2021-01-20;3331;69238;1291;670
Albania;Europe;41,15;20,17;14;2,89;1,29;5353,2;2873457;38;14;2021-01-21;3088;69916;1296;678
Albania;Europe;41,15;20,17;14;2,89;1,29;5353,2;2873457;38;14;2021-01-22;3314;70655;1303;739
Albania;Europe;41,15;20,17;14;2,89;1,29;5353,2;2873457;38;14;2021-01-23;3513;71441;1310;786
Albania;Europe;41,15;20,17;14;2,89;1,29;5353,2;2873457;38;14;2021-01-24;3511;72274;1315;833
Albania;Europe;41,15;20,17;14;2,89;1,29;5353,2;2873457;38;14;2021-01-25;1918;72812;1324;538
Albania;Europe;41,15;20,17;14;2,89;1,29;5353,2;2873457;38;14;2021-01-26;3605;73691;1332;879
Albania;Europe;41,15;20,17;14;2,89;1,29;5353,2;2873457;38;14;2021-01-27;3512;74567;1339;876
Albania;Europe;41,15;20,17;14;2,89;1,29;5353,2;2873457;38;14;2021-01-28;3891;75454;1350;887
Albania;Europe;41,15;20,17;14;2,89;1,29;5353,2;2873457;38;14;2021-01-29;3761;76350;1358;896
Albania;Europe;41,15;20,17;14;2,89;1,29;5353,2;2873457;38;14;2021-01-30;3864;77251;1369;901
Albania;Europe;41,15;20,17;14;2,89;1,29;5353,2;2873457;38;14;2021-01-31;3144;78127;1380;876
Albania;Europe;41,15;20,17;14;2,89;1,29;5353,2;2873457;38;14;2021-02-01;2960;78992;1393;865
Albania;Europe;41,15;20,17;14;2,89;1,29;5353,2;2873457;38;14;2021-02-02;3856;79934;1398;942
Albania;Europe;41,15;20,17;14;2,89;1,29;5353,2;2873457;38;14;2021-02-03;3849;80941;1404;1007
Albania;Europe;41,15;20,17;14;2,89;1,29;5353,2;2873457;38;14;2021-02-04;3974;81993;1418;1052
Albania;Europe;41,15;20,17;14;2,89;1,29;5353,2;2873457;38;14;2021-02-05;4270;83082;1433;1089
Albania;Europe;41,15;20,17;14;2,89;1,29;5353,2;2873457;38;14;2021-02-06;4539;84212;1446;1130
Albania;Europe;41,15;20,17;14;2,89;1,29;5353,2;2873457;38;14;2021-02-07;;85336;1460;1124
Albania;Europe;41,15;20,17;14;2,89;1,29;5353,2;2873457;38;14;2021-02-08;3485;86289;1472;953
Albania;Europe;41,15;20,17;14;2,89;1,29;5353,2;2873457;38;14;2021-02-09;4562;87528;1488;1239
Albania;Europe;41,15;20,17;14;2,89;1,29;5353,2;2873457;38;14;2021-02-10;4083;88671;1503;1143
Albania;Europe;41,15;20,17;14;2,89;1,29;5353,2;2873457;38;14;2021-02-11;4092;89776;1517;1105
Albania;Europe;41,15;20,17;14;2,89;1,29;5353,2;2873457;38;14;2021-02-12;3982;90835;1531;1059
Albania;Europe;41,15;20,17;14;2,89;1,29;5353,2;2873457;38;14;2021-02-13;3994;91987;1543;1152
Albania;Europe;41,15;20,17;14;2,89;1,29;5353,2;2873457;38;14;2021-02-14;3885;93075;1555;1088
Albania;Europe;41,15;20,17;14;2,89;1,29;5353,2;2873457;38;14;2021-02-15;;93850;1567;775
Albania;Europe;41,15;20,17;14;2,89;1,29;5353,2;2873457;38;14;2021-02-16;3842;94651;1582;801
Albania;Europe;41,15;20,17;14;2,89;1,29;5353,2;2873457;38;14;2021-02-17;3901;95726;1600;1075
Albania;Europe;41,15;20,17;14;2,89;1,29;5353,2;2873457;38;14;2021-02-18;3935;96838;1617;1112
Albania;Europe;41,15;20,17;14;2,89;1,29;5353,2;2873457;38;14;2021-02-19;3848;97909;1636;1071
Albania;Europe;41,15;20,17;14;2,89;1,29;5353,2;2873457;38;14;2021-02-20;3975;99062;1653;1153
Albania;Europe;41,15;20,17;14;2,89;1,29;5353,2;2873457;38;14;2021-02-21;4013;100246;1666;1184
Albania;Europe;41,15;20,17;14;2,89;1,29;5353,2;2873457;38;14;2021-02-22;3258;101285;1681;1039
Albania;Europe;41,15;20,17;14;2,89;1,29;5353,2;2873457;38;14;2021-02-23;3998;102306;1696;1021
Albania;Europe;41,15;20,17;14;2,89;1,29;5353,2;2873457;38;14;2021-02-24;3897;103327;1715;1021
Albania;Europe;41,15;20,17;14;2,89;1,29;5353,2;2873457;38;14;2021-02-25;3691;104313;1736;986
Albania;Europe;41,15;20,17;14;2,89;1,29;5353,2;2873457;38;14;2021-02-26;;105229;1756;916
Albania;Europe;41,15;20,17;14;2,89;1,29;5353,2;2873457;38;14;2021-02-27;;106215;1775;986
Albania;Europe;41,15;20,17;14;2,89;1,29;5353,2;2873457;38;14;2021-02-28;;107167;1796;952
Algeria;Africa;28,03;1,66;25;1,9;1,83;3974;41318142;29;6;2020-02-25;;1;;-107166
Algeria;Africa;28,03;1,66;25;1,9;1,83;3974;41318142;29;6;2020-02-26;;1;;0
Algeria;Africa;28,03;1,66;25;1,9;1,83;3974;41318142;29;6;2020-02-27;;1;;0
Algeria;Africa;28,03;1,66;25;1,9;1,83;3974;41318142;29;6;2020-02-28;;1;;0
Algeria;Africa;28,03;1,66;25;1,9;1,83;3974;41318142;29;6;2020-02-29;;1;;0
Algeria;Africa;28,03;1,66;25;1,9;1,83;3974;41318142;29;6;2020-03-01;;1;;0
Algeria;Africa;28,03;1,66;25;1,9;1,83;3974;41318142;29;6;2020-03-02;;3;;2
Algeria;Africa;28,03;1,66;25;1,9;1,83;3974;41318142;29;6;2020-03-03;;5;;2
Algeria;Africa;28,03;1,66;25;1,9;1,83;3974;41318142;29;6;2020-03-04;;12;;7
Algeria;Africa;28,03;1,66;25;1,9;1,83;3974;41318142;29;6;2020-03-05;;12;;0
Algeria;Africa;28,03;1,66;25;1,9;1,83;3974;41318142;29;6;2020-03-06;;17;;5
Algeria;Africa;28,03;1,66;25;1,9;1,83;3974;41318142;29;6;2020-03-07;;17;;0
Algeria;Africa;28,03;1,66;25;1,9;1,83;3974;41318142;29;6;2020-03-08;;19;;2
Algeria;Africa;28,03;1,66;25;1,9;1,83;3974;41318142;29;6;2020-03-09;;20;;1
Algeria;Africa;28,03;1,66;25;1,9;1,83;3974;41318142;29;6;2020-03-10;;20;;0
Algeria;Africa;28,03;1,66;25;1,9;1,83;3974;41318142;29;6;2020-03-11;;20;;0
Algeria;Africa;28,03;1,66;25;1,9;1,83;3974;41318142;29;6;2020-03-12;;24;1;4
Algeria;Africa;28,03;1,66;25;1,9;1,83;3974;41318142;29;6;2020-03-13;;26;2;2
Algeria;Africa;28,03;1,66;25;1,9;1,83;3974;41318142;29;6;2020-03-14;;37;3;11
Algeria;Africa;28,03;1,66;25;1,9;1,83;3974;41318142;29;6;2020-03-15;;48;4;11
Algeria;Africa;28,03;1,66;25;1,9;1,83;3974;41318142;29;6;2020-03-16;;54;4;6
Algeria;Africa;28,03;1,66;25;1,9;1,83;3974;41318142;29;6;2020-03-17;;60;4;6
Algeria;Africa;28,03;1,66;25;1,9;1,83;3974;41318142;29;6;2020-03-18;;74;7;14
Algeria;Africa;28,03;1,66;25;1,9;1,83;3974;41318142;29;6;2020-03-19;;87;9;13
Algeria;Africa;28,03;1,66;25;1,9;1,83;3974;41318142;29;6;2020-03-20;;90;11;3
Algeria;Africa;28,03;1,66;25;1,9;1,83;3974;41318142;29;6;2020-03-21;;139;15;49
Algeria;Africa;28,03;1,66;25;1,9;1,83;3974;41318142;29;6;2020-03-22;;201;17;62
Algeria;Africa;28,03;1,66;25;1,9;1,83;3974;41318142;29;6;2020-03-23;;230;17;29
Algeria;Africa;28,03;1,66;25;1,9;1,83;3974;41318142;29;6;2020-03-24;;264;19;34
Algeria;Africa;28,03;1,66;25;1,9;1,83;3974;41318142;29;6;2020-03-25;;302;21;38
Algeria;Africa;28,03;1,66;25;1,9;1,83;3974;41318142;29;6;2020-03-26;;367;25;65
Algeria;Africa;28,03;1,66;25;1,9;1,83;3974;41318142;29;6;2020-03-27;;409;26;42
Algeria;Africa;28,03;1,66;25;1,9;1,83;3974;41318142;29;6;2020-03-28;;454;29;45
Algeria;Africa;28,03;1,66;25;1,9;1,83;3974;41318142;29;6;2020-03-29;;511;31;57
Algeria;Africa;28,03;1,66;25;1,9;1,83;3974;41318142;29;6;2020-03-30;;584;35;73
Algeria;Africa;28,03;1,66;25;1,9;1,83;3974;41318142;29;6;2020-03-31;;716;44;132
Algeria;Africa;28,03;1,66;25;1,9;1,83;3974;41318142;29;6;2020-04-01;200;847;58;131
Algeria;Africa;28,03;1,66;25;1,9;1,83;3974;41318142;29;6;2020-04-02;;986;86;139
Algeria;Africa;28,03;1,66;25;1,9;1,83;3974;41318142;29;6;2020-04-03;;1171;105;185
Algeria;Africa;28,03;1,66;25;1,9;1,83;3974;41318142;29;6;2020-04-04;;1251;130;80
Algeria;Africa;28,03;1,66;25;1,9;1,83;3974;41318142;29;6;2020-04-05;;1320;152;69
Algeria;Africa;28,03;1,66;25;1,9;1,83;3974;41318142;29;6;2020-04-06;;1423;173;103
Algeria;Africa;28,03;1,66;25;1,9;1,83;3974;41318142;29;6;2020-04-07;;1468;193;45
Algeria;Africa;28,03;1,66;25;1,9;1,83;3974;41318142;29;6;2020-04-08;;1572;205;104
Algeria;Africa;28,03;1,66;25;1,9;1,83;3974;41318142;29;6;2020-04-09;;1666;235;94
Algeria;Africa;28,03;1,66;25;1,9;1,83;3974;41318142;29;6;2020-04-10;;1761;256;95
Algeria;Africa;28,03;1,66;25;1,9;1,83;3974;41318142;29;6;2020-04-11;;1825;275;64
Algeria;Africa;28,03;1,66;25;1,9;1,83;3974;41318142;29;6;2020-04-12;;1914;293;89
Algeria;Africa;28,03;1,66;25;1,9;1,83;3974;41318142;29;6;2020-04-13;;1983;313;69
Algeria;Africa;28,03;1,66;25;1,9;1,83;3974;41318142;29;6;2020-04-14;;2070;326;87
Algeria;Africa;28,03;1,66;25;1,9;1,83;3974;41318142;29;6;2020-04-15;;2160;336;90
Algeria;Africa;28,03;1,66;25;1,9;1,83;3974;41318142;29;6;2020-04-16;;2268;348;108
Algeria;Africa;28,03;1,66;25;1,9;1,83;3974;41318142;29;6;2020-04-17;;2418;364;150
Algeria;Africa;28,03;1,66;25;1,9;1,83;3974;41318142;29;6;2020-04-18;;2534;367;116
Algeria;Africa;28,03;1,66;25;1,9;1,83;3974;41318142;29;6;2020-04-19;;2629;375;95
Algeria;Africa;28,03;1,66;25;1,9;1,83;3974;41318142;29;6;2020-04-20;;2718;384;89
Algeria;Africa;28,03;1,66;25;1,9;1,83;3974;41318142;29;6;2020-04-21;;2811;392;93
Algeria;Africa;28,03;1,66;25;1,9;1,83;3974;41318142;29;6;2020-04-22;;2910;402;99
Algeria;Africa;28,03;1,66;25;1,9;1,83;3974;41318142;29;6;2020-04-23;;3007;407;97
Algeria;Africa;28,03;1,66;25;1,9;1,83;3974;41318142;29;6;2020-04-24;;3127;415;120
Algeria;Africa;28,03;1,66;25;1,9;1,83;3974;41318142;29;6;2020-04-25;;3256;419;129
Algeria;Africa;28,03;1,66;25;1,9;1,83;3974;41318142;29;6;2020-04-26;;3382;425;126
Algeria;Africa;28,03;1,66;25;1,9;1,83;3974;41318142;29;6;2020-04-27;;3517;432;135
Algeria;Africa;28,03;1,66;25;1,9;1,83;3974;41318142;29;6;2020-04-28;;3649;437;132
Algeria;Africa;28,03;1,66;25;1,9;1,83;3974;41318142;29;6;2020-04-29;;3848;444;199
Algeria;Africa;28,03;1,66;25;1,9;1,83;3974;41318142;29;6;2020-04-30;;4006;450;158
Algeria;Africa;28,03;1,66;25;1,9;1,83;3974;41318142;29;6;2020-05-01;400;4154;453;148
Algeria;Africa;28,03;1,66;25;1,9;1,83;3974;41318142;29;6;2020-05-02;;4295;459;141
Algeria;Africa;28,03;1,66;25;1,9;1,83;3974;41318142;29;6;2020-05-03;;4474;463;179
Algeria;Africa;28,03;1,66;25;1,9;1,83;3974;41318142;29;6;2020-05-04;;4648;465;174
Algeria;Africa;28,03;1,66;25;1,9;1,83;3974;41318142;29;6;2020-05-05;;4838;470;190
Algeria;Africa;28,03;1,66;25;1,9;1,83;3974;41318142;29;6;2020-05-06;;4997;476;159
Algeria;Africa;28,03;1,66;25;1,9;1,83;3974;41318142;29;6;2020-05-07;;5182;483;185
Algeria;Africa;28,03;1,66;25;1,9;1,83;3974;41318142;29;6;2020-05-08;;5369;488;187
Algeria;Africa;28,03;1,66;25;1,9;1,83;3974;41318142;29;6;2020-05-09;;5558;494;189
Algeria;Africa;28,03;1,66;25;1,9;1,83;3974;41318142;29;6;2020-05-10;;5723;502;165
Algeria;Africa;28,03;1,66;25;1,9;1,83;3974;41318142;29;6;2020-05-11;;5891;507;168
Algeria;Africa;28,03;1,66;25;1,9;1,83;3974;41318142;29;6;2020-05-12;;6067;515;176
Algeria;Africa;28,03;1,66;25;1,9;1,83;3974;41318142;29;6;2020-05-13;;6253;522;186
Algeria;Africa;28,03;1,66;25;1,9;1,83;3974;41318142;29;6;2020-05-14;;6442;529;189
Algeria;Africa;28,03;1,66;25;1,9;1,83;3974;41318142;29;6;2020-05-15;;6629;536;187
Algeria;Africa;28,03;1,66;25;1,9;1,83;3974;41318142;29;6;2020-05-16;;6821;542;192
Algeria;Africa;28,03;1,66;25;1,9;1,83;3974;41318142;29;6;2020-05-17;;7019;548;198
Algeria;Africa;28,03;1,66;25;1,9;1,83;3974;41318142;29;6;2020-05-18;;7201;555;182
Algeria;Africa;28,03;1,66;25;1,9;1,83;3974;41318142;29;6;2020-05-19;;7377;561;176
Algeria;Africa;28,03;1,66;25;1,9;1,83;3974;41318142;29;6;2020-05-20;;7542;568;165
Algeria;Africa;28,03;1,66;25;1,9;1,83;3974;41318142;29;6;2020-05-21;;7728;575;186
Algeria;Africa;28,03;1,66;25;1,9;1,83;3974;41318142;29;6;2020-05-22;;7918;582;190
Algeria;Africa;28,03;1,66;25;1,9;1,83;3974;41318142;29;6;2020-05-23;;8113;592;195
Algeria;Africa;28,03;1,66;25;1,9;1,83;3974;41318142;29;6;2020-05-24;;8306;600;193
Algeria;Africa;28,03;1,66;25;1,9;1,83;3974;41318142;29;6;2020-05-25;;8503;609;197
Algeria;Africa;28,03;1,66;25;1,9;1,83;3974;41318142;29;6;2020-05-26;;8697;617;194
Algeria;Africa;28,03;1,66;25;1,9;1,83;3974;41318142;29;6;2020-05-27;;8857;623;160
Algeria;Africa;28,03;1,66;25;1,9;1,83;3974;41318142;29;6;2020-05-28;;8997;630;140
Algeria;Africa;28,03;1,66;25;1,9;1,83;3974;41318142;29;6;2020-05-29;;9134;638;137
Algeria;Africa;28,03;1,66;25;1,9;1,83;3974;41318142;29;6;2020-05-30;;9267;646;133
Algeria;Africa;28,03;1,66;25;1,9;1,83;3974;41318142;29;6;2020-05-31;;9394;653;127
Algeria;Africa;28,03;1,66;25;1,9;1,83;3974;41318142;29;6;2020-06-01;;9513;661;119
Algeria;Africa;28,03;1,66;25;1,9;1,83;3974;41318142;29;6;2020-06-02;;9626;667;113
Algeria;Africa;28,03;1,66;25;1,9;1,83;3974;41318142;29;6;2020-06-03;;9733;673;107
Algeria;Africa;28,03;1,66;25;1,9;1,83;3974;41318142;29;6;2020-06-04;;9831;681;98
Algeria;Africa;28,03;1,66;25;1,9;1,83;3974;41318142;29;6;2020-06-05;;9935;690;104
Algeria;Africa;28,03;1,66;25;1,9;1,83;3974;41318142;29;6;2020-06-06;;10050;698;115
Algeria;Africa;28,03;1,66;25;1,9;1,83;3974;41318142;29;6;2020-06-07;;10154;707;104
Algeria;Africa;28,03;1,66;25;1,9;1,83;3974;41318142;29;6;2020-06-08;;10265;715;111
Algeria;Africa;28,03;1,66;25;1,9;1,83;3974;41318142;29;6;2020-06-09;;10382;724;117
Algeria;Africa;28,03;1,66;25;1,9;1,83;3974;41318142;29;6;2020-06-10;;10484;732;102
Algeria;Africa;28,03;1,66;25;1,9;1,83;3974;41318142;29;6;2020-06-11;;10589;741;105
Algeria;Africa;28,03;1,66;25;1,9;1,83;3974;41318142;29;6;2020-06-12;;10698;751;109
Algeria;Africa;28,03;1,66;25;1,9;1,83;3974;41318142;29;6;2020-06-13;;10810;760;112
Algeria;Africa;28,03;1,66;25;1,9;1,83;3974;41318142;29;6;2020-06-14;;10919;767;109
Algeria;Africa;28,03;1,66;25;1,9;1,83;3974;41318142;29;6;2020-06-15;;11031;777;112
Algeria;Africa;28,03;1,66;25;1,9;1,83;3974;41318142;29;6;2020-06-16;;11147;788;116
Algeria;Africa;28,03;1,66;25;1,9;1,83;3974;41318142;29;6;2020-06-17;;11268;799;121
Algeria;Africa;28,03;1,66;25;1,9;1,83;3974;41318142;29;6;2020-06-18;;11385;811;117
Algeria;Africa;28,03;1,66;25;1,9;1,83;3974;41318142;29;6;2020-06-19;;11504;825;119
Algeria;Africa;28,03;1,66;25;1,9;1,83;3974;41318142;29;6;2020-06-20;;11631;837;127
Algeria;Africa;28,03;1,66;25;1,9;1,83;3974;41318142;29;6;2020-06-21;;11771;845;140
Algeria;Africa;28,03;1,66;25;1,9;1,83;3974;41318142;29;6;2020-06-22;;11920;852;149
Algeria;Africa;28,03;1,66;25;1,9;1,83;3974;41318142;29;6;2020-06-23;;12076;861;156
Algeria;Africa;28,03;1,66;25;1,9;1,83;3974;41318142;29;6;2020-06-24;;12248;869;172
Algeria;Africa;28,03;1,66;25;1,9;1,83;3974;41318142;29;6;2020-06-25;;12445;878;197
Algeria;Africa;28,03;1,66;25;1,9;1,83;3974;41318142;29;6;2020-06-26;2500;12685;885;240
Algeria;Africa;28,03;1,66;25;1,9;1,83;3974;41318142;29;6;2020-06-27;;12968;892;283
Algeria;Africa;28,03;1,66;25;1,9;1,83;3974;41318142;29;6;2020-06-28;;13273;897;305
Algeria;Africa;28,03;1,66;25;1,9;1,83;3974;41318142;29;6;2020-06-29;;13571;905;298
Algeria;Africa;28,03;1,66;25;1,9;1,83;3974;41318142;29;6;2020-06-30;;13907;912;336
Algeria;Africa;28,03;1,66;25;1,9;1,83;3974;41318142;29;6;2020-07-01;;14272;920;365
Algeria;Africa;28,03;1,66;25;1,9;1,83;3974;41318142;29;6;2020-07-02;;14657;928;385
Algeria;Africa;28,03;1,66;25;1,9;1,83;3974;41318142;29;6;2020-07-03;;15070;937;413
Algeria;Africa;28,03;1,66;25;1,9;1,83;3974;41318142;29;6;2020-07-04;;15500;946;430
Algeria;Africa;28,03;1,66;25;1,9;1,83;3974;41318142;29;6;2020-07-05;;15941;952;441
Algeria;Africa;28,03;1,66;25;1,9;1,83;3974;41318142;29;6;2020-07-06;;16404;959;463
Algeria;Africa;28,03;1,66;25;1,9;1,83;3974;41318142;29;6;2020-07-07;;16879;968;475
Algeria;Africa;28,03;1,66;25;1,9;1,83;3974;41318142;29;6;2020-07-08;;17348;978;469
Algeria;Africa;28,03;1,66;25;1,9;1,83;3974;41318142;29;6;2020-07-09;;17808;988;460
Algeria;Africa;28,03;1,66;25;1,9;1,83;3974;41318142;29;6;2020-07-10;;18242;996;434
Algeria;Africa;28,03;1,66;25;1,9;1,83;3974;41318142;29;6;2020-07-11;;18712;1004;470
Algeria;Africa;28,03;1,66;25;1,9;1,83;3974;41318142;29;6;2020-07-12;;19195;1011;483
Algeria;Africa;28,03;1,66;25;1,9;1,83;3974;41318142;29;6;2020-07-13;;19689;1018;494
Algeria;Africa;28,03;1,66;25;1,9;1,83;3974;41318142;29;6;2020-07-14;;20216;1028;527
Algeria;Africa;28,03;1,66;25;1,9;1,83;3974;41318142;29;6;2020-07-15;;20770;1040;554
Algeria;Africa;28,03;1,66;25;1,9;1,83;3974;41318142;29;6;2020-07-16;;21355;1052;585
Algeria;Africa;28,03;1,66;25;1,9;1,83;3974;41318142;29;6;2020-07-17;;21948;1057;593
Algeria;Africa;28,03;1,66;25;1,9;1,83;3974;41318142;29;6;2020-07-18;;22549;1068;601
Algeria;Africa;28,03;1,66;25;1,9;1,83;3974;41318142;29;6;2020-07-19;;23084;1078;535
Algeria;Africa;28,03;1,66;25;1,9;1,83;3974;41318142;29;6;2020-07-20;;23691;1087;607
Algeria;Africa;28,03;1,66;25;1,9;1,83;3974;41318142;29;6;2020-07-21;;24278;1100;587
Algeria;Africa;28,03;1,66;25;1,9;1,83;3974;41318142;29;6;2020-07-22;;24872;1111;594
Algeria;Africa;28,03;1,66;25;1,9;1,83;3974;41318142;29;6;2020-07-23;;25484;1124;612
Algeria;Africa;28,03;1,66;25;1,9;1,83;3974;41318142;29;6;2020-07-24;;26159;1136;675
Algeria;Africa;28,03;1,66;25;1,9;1,83;3974;41318142;29;6;2020-07-25;;26764;1146;605
Algeria;Africa;28,03;1,66;25;1,9;1,83;3974;41318142;29;6;2020-07-26;;27357;1155;593
Algeria;Africa;28,03;1,66;25;1,9;1,83;3974;41318142;29;6;2020-07-27;;27973;1163;616
Algeria;Africa;28,03;1,66;25;1,9;1,83;3974;41318142;29;6;2020-07-28;;28615;1174;642
Algeria;Africa;28,03;1,66;25;1,9;1,83;3974;41318142;29;6;2020-07-29;;29229;1186;614
Algeria;Africa;28,03;1,66;25;1,9;1,83;3974;41318142;29;6;2020-07-30;;29831;1200;602
Algeria;Africa;28,03;1,66;25;1,9;1,83;3974;41318142;29;6;2020-07-31;;30394;1210;563
Algeria;Africa;28,03;1,66;25;1,9;1,83;3974;41318142;29;6;2020-08-01;;30950;1223;556
Algeria;Africa;28,03;1,66;25;1,9;1,83;3974;41318142;29;6;2020-08-02;;31465;1231;515
Algeria;Africa;28,03;1,66;25;1,9;1,83;3974;41318142;29;6;2020-08-03;;31972;1239;507
Algeria;Africa;28,03;1,66;25;1,9;1,83;3974;41318142;29;6;2020-08-04;;32504;1248;532
Algeria;Africa;28,03;1,66;25;1,9;1,83;3974;41318142;29;6;2020-08-05;;33055;1261;551
Algeria;Africa;28,03;1,66;25;1,9;1,83;3974;41318142;29;6;2020-08-06;;33626;1273;571
Algeria;Africa;28,03;1,66;25;1,9;1,83;3974;41318142;29;6;2020-08-07;;34155;1282;529
Algeria;Africa;28,03;1,66;25;1,9;1,83;3974;41318142;29;6;2020-08-08;;34693;1293;538
Algeria;Africa;28,03;1,66;25;1,9;1,83;3974;41318142;29;6;2020-08-09;;35160;1302;467
Algeria;Africa;28,03;1,66;25;1,9;1,83;3974;41318142;29;6;2020-08-10;;35712;1312;552
Algeria;Africa;28,03;1,66;25;1,9;1,83;3974;41318142;29;6;2020-08-11;;36204;1322;492
Algeria;Africa;28,03;1,66;25;1,9;1,83;3974;41318142;29;6;2020-08-12;;36699;1333;495
Algeria;Africa;28,03;1,66;25;1,9;1,83;3974;41318142;29;6;2020-08-13;;37187;1341;488
Algeria;Africa;28,03;1,66;25;1,9;1,83;3974;41318142;29;6;2020-08-14;;37664;1351;477
Algeria;Africa;28,03;1,66;25;1,9;1,83;3974;41318142;29;6;2020-08-15;;38133;1360;469
Algeria;Africa;28,03;1,66;25;1,9;1,83;3974;41318142;29;6;2020-08-16;;38583;1370;450
Algeria;Africa;28,03;1,66;25;1,9;1,83;3974;41318142;29;6;2020-08-17;;39025;1379;442
Algeria;Africa;28,03;1,66;25;1,9;1,83;3974;41318142;29;6;2020-08-18;;39444;1391;419
Algeria;Africa;28,03;1,66;25;1,9;1,83;3974;41318142;29;6;2020-08-19;;39847;1402;403
Algeria;Africa;28,03;1,66;25;1,9;1,83;3974;41318142;29;6;2020-08-20;;40258;1411;411
Algeria;Africa;28,03;1,66;25;1,9;1,83;3974;41318142;29;6;2020-08-21;;40667;1418;409
Algeria;Africa;28,03;1,66;25;1,9;1,83;3974;41318142;29;6;2020-08-22;;41068;1424;401
Algeria;Africa;28,03;1,66;25;1,9;1,83;3974;41318142;29;6;2020-08-23;;41460;1435;392
Algeria;Africa;28,03;1,66;25;1,9;1,83;3974;41318142;29;6;2020-08-24;;41858;1446;398
Algeria;Africa;28,03;1,66;25;1,9;1,83;3974;41318142;29;6;2020-08-25;;42228;1456;370
Algeria;Africa;28,03;1,66;25;1,9;1,83;3974;41318142;29;6;2020-08-26;;42619;1465;391
Algeria;Africa;28,03;1,66;25;1,9;1,83;3974;41318142;29;6;2020-08-27;;43016;1475;397
Algeria;Africa;28,03;1,66;25;1,9;1,83;3974;41318142;29;6;2020-08-28;;43403;1483;387
Algeria;Africa;28,03;1,66;25;1,9;1,83;3974;41318142;29;6;2020-08-29;;43781;1491;378
Algeria;Africa;28,03;1,66;25;1,9;1,83;3974;41318142;29;6;2020-08-30;;44146;1501;365
Algeria;Africa;28,03;1,66;25;1,9;1,83;3974;41318142;29;6;2020-08-31;;44494;1510;348
Algeria;Africa;28,03;1,66;25;1,9;1,83;3974;41318142;29;6;2020-09-01;;44833;1518;339
Algeria;Africa;28,03;1,66;25;1,9;1,83;3974;41318142;29;6;2020-09-02;;45158;1523;325
Algeria;Africa;28,03;1,66;25;1,9;1,83;3974;41318142;29;6;2020-09-03;;45469;1529;311
Algeria;Africa;28,03;1,66;25;1,9;1,83;3974;41318142;29;6;2020-09-04;;45773;1539;304
Algeria;Africa;28,03;1,66;25;1,9;1,83;3974;41318142;29;6;2020-09-05;;46071;1549;298
Algeria;Africa;28,03;1,66;25;1,9;1,83;3974;41318142;29;6;2020-09-06;;46364;1556;293
Algeria;Africa;28,03;1,66;25;1,9;1,83;3974;41318142;29;6;2020-09-07;;46653;1562;289
Algeria;Africa;28,03;1,66;25;1,9;1,83;3974;41318142;29;6;2020-09-08;;46938;1571;285
Algeria;Africa;28,03;1,66;25;1,9;1,83;3974;41318142;29;6;2020-09-09;;47216;1581;278
Algeria;Africa;28,03;1,66;25;1,9;1,83;3974;41318142;29;6;2020-09-10;;47488;1591;272
Algeria;Africa;28,03;1,66;25;1,9;1,83;3974;41318142;29;6;2020-09-11;;47752;1599;264
Algeria;Africa;28,03;1,66;25;1,9;1,83;3974;41318142;29;6;2020-09-12;;48007;1605;255
Algeria;Africa;28,03;1,66;25;1,9;1,83;3974;41318142;29;6;2020-09-13;;48254;1612;247
Algeria;Africa;28,03;1,66;25;1,9;1,83;3974;41318142;29;6;2020-09-14;;48496;1620;242
Algeria;Africa;28,03;1,66;25;1,9;1,83;3974;41318142;29;6;2020-09-15;;48734;1632;238
Algeria;Africa;28,03;1,66;25;1,9;1,83;3974;41318142;29;6;2020-09-16;;48966;1645;232
Algeria;Africa;28,03;1,66;25;1,9;1,83;3974;41318142;29;6;2020-09-17;;49194;1654;228
Algeria;Africa;28,03;1,66;25;1,9;1,83;3974;41318142;29;6;2020-09-18;;49413;1659;219
Algeria;Africa;28,03;1,66;25;1,9;1,83;3974;41318142;29;6;2020-09-19;;49623;1665;210
Algeria;Africa;28,03;1,66;25;1,9;1,83;3974;41318142;29;6;2020-09-20;;49826;1672;203
Algeria;Africa;28,03;1,66;25;1,9;1,83;3974;41318142;29;6;2020-09-21;;50023;1679;197
Algeria;Africa;28,03;1,66;25;1,9;1,83;3974;41318142;29;6;2020-09-22;;50214;1689;191
Algeria;Africa;28,03;1,66;25;1,9;1,83;3974;41318142;29;6;2020-09-23;;50400;1698;186
Algeria;Africa;28,03;1,66;25;1,9;1,83;3974;41318142;29;6;2020-09-24;;50579;1703;179
Algeria;Africa;28,03;1,66;25;1,9;1,83;3974;41318142;29;6;2020-09-25;;50754;1707;175
Algeria;Africa;28,03;1,66;25;1,9;1,83;3974;41318142;29;6;2020-09-26;;50914;1711;160
Algeria;Africa;28,03;1,66;25;1,9;1,83;3974;41318142;29;6;2020-09-27;;51067;1714;153
Algeria;Africa;28,03;1,66;25;1,9;1,83;3974;41318142;29;6;2020-09-28;;51213;1719;146
Algeria;Africa;28,03;1,66;25;1,9;1,83;3974;41318142;29;6;2020-09-29;;51368;1726;155
Algeria;Africa;28,03;1,66;25;1,9;1,83;3974;41318142;29;6;2020-09-30;;51530;1736;162
Algeria;Africa;28,03;1,66;25;1,9;1,83;3974;41318142;29;6;2020-10-01;;51690;1741;160
Algeria;Africa;28,03;1,66;25;1,9;1,83;3974;41318142;29;6;2020-10-02;;51847;1749;157
Algeria;Africa;28,03;1,66;25;1,9;1,83;3974;41318142;29;6;2020-10-03;;51995;1756;148
Algeria;Africa;28,03;1,66;25;1,9;1,83;3974;41318142;29;6;2020-10-04;;52136;1760;141
Algeria;Africa;28,03;1,66;25;1,9;1,83;3974;41318142;29;6;2020-10-05;;52270;1768;134
Algeria;Africa;28,03;1,66;25;1,9;1,83;3974;41318142;29;6;2020-10-06;;52399;1768;129
Algeria;Africa;28,03;1,66;25;1,9;1,83;3974;41318142;29;6;2020-10-07;;52520;1771;121
Algeria;Africa;28,03;1,66;25;1,9;1,83;3974;41318142;29;6;2020-10-08;;52658;1783;138
Algeria;Africa;28,03;1,66;25;1,9;1,83;3974;41318142;29;6;2020-10-09;;52804;1789;146
Algeria;Africa;28,03;1,66;25;1,9;1,83;3974;41318142;29;6;2020-10-10;;52940;1795;136
Algeria;Africa;28,03;1,66;25;1,9;1,83;3974;41318142;29;6;2020-10-11;;53072;1801;132
Algeria;Africa;28,03;1,66;25;1,9;1,83;3974;41318142;29;6;2020-10-12;;53325;1809;253
Algeria;Africa;28,03;1,66;25;1,9;1,83;3974;41318142;29;6;2020-10-13;;53399;1818;74
Algeria;Africa;28,03;1,66;25;1,9;1,83;3974;41318142;29;6;2020-10-14;;53584;1827;185
Algeria;Africa;28,03;1,66;25;1,9;1,83;3974;41318142;29;6;2020-10-15;;53777;1827;193
Algeria;Africa;28,03;1,66;25;1,9;1,83;3974;41318142;29;6;2020-10-16;;53998;1841;221
Algeria;Africa;28,03;1,66;25;1,9;1,83;3974;41318142;29;6;2020-10-17;;54203;1846;205
Algeria;Africa;28,03;1,66;25;1,9;1,83;3974;41318142;29;6;2020-10-18;;54402;1856;199
Algeria;Africa;28,03;1,66;25;1,9;1,83;3974;41318142;29;6;2020-10-19;;54616;1865;214
Algeria;Africa;28,03;1,66;25;1,9;1,83;3974;41318142;29;6;2020-10-20;;54829;1873;213
Algeria;Africa;28,03;1,66;25;1,9;1,83;3974;41318142;29;6;2020-10-21;;55081;1880;252
Algeria;Africa;28,03;1,66;25;1,9;1,83;3974;41318142;29;6;2020-10-22;;55357;1888;276
Algeria;Africa;28,03;1,66;25;1,9;1,83;3974;41318142;29;6;2020-10-23;;55630;1897;273
Algeria;Africa;28,03;1,66;25;1,9;1,83;3974;41318142;29;6;2020-10-24;;55880;1907;250
Algeria;Africa;28,03;1,66;25;1,9;1,83;3974;41318142;29;6;2020-10-25;;56143;1914;263
Algeria;Africa;28,03;1,66;25;1,9;1,83;3974;41318142;29;6;2020-10-26;;56419;1922;276
Algeria;Africa;28,03;1,66;25;1,9;1,83;3974;41318142;29;6;2020-10-27;;56706;1931;287
Algeria;Africa;28,03;1,66;25;1,9;1,83;3974;41318142;29;6;2020-10-28;;57026;1941;320
Algeria;Africa;28,03;1,66;25;1,9;1,83;3974;41318142;29;6;2020-10-29;;57332;1949;306
Algeria;Africa;28,03;1,66;25;1,9;1,83;3974;41318142;29;6;2020-10-30;;57651;1956;319
Algeria;Africa;28,03;1,66;25;1,9;1,83;3974;41318142;29;6;2020-10-31;;57942;1964;291
Algeria;Africa;28,03;1,66;25;1,9;1,83;3974;41318142;29;6;2020-11-01;;58272;1973;330
Algeria;Africa;28,03;1,66;25;1,9;1,83;3974;41318142;29;6;2020-11-02;;58574;1980;302
Algeria;Africa;28,03;1,66;25;1,9;1,83;3974;41318142;29;6;2020-11-03;;58979;1980;405
Algeria;Africa;28,03;1,66;25;1,9;1,83;3974;41318142;29;6;2020-11-04;;59527;1999;548
Algeria;Africa;28,03;1,66;25;1,9;1,83;3974;41318142;29;6;2020-11-05;;60169;2011;642
Algeria;Africa;28,03;1,66;25;1,9;1,83;3974;41318142;29;6;2020-11-06;;60800;2024;631
Algeria;Africa;28,03;1,66;25;1,9;1,83;3974;41318142;29;6;2020-11-07;;61381;2036;581
Algeria;Africa;28,03;1,66;25;1,9;1,83;3974;41318142;29;6;2020-11-08;;62051;2048;670
Algeria;Africa;28,03;1,66;25;1,9;1,83;3974;41318142;29;6;2020-11-09;;62693;2062;642
Algeria;Africa;28,03;1,66;25;1,9;1,83;3974;41318142;29;6;2020-11-10;;63446;2077;753
Algeria;Africa;28,03;1,66;25;1,9;1,83;3974;41318142;29;6;2020-11-11;;64257;2093;811
Algeria;Africa;28,03;1,66;25;1,9;1,83;3974;41318142;29;6;2020-11-12;;65108;2111;851
Algeria;Africa;28,03;1,66;25;1,9;1,83;3974;41318142;29;6;2020-11-13;;65975;2124;867
Algeria;Africa;28,03;1,66;25;1,9;1,83;3974;41318142;29;6;2020-11-14;;66819;2139;844
Algeria;Africa;28,03;1,66;25;1,9;1,83;3974;41318142;29;6;2020-11-15;;67679;2154;860
Algeria;Africa;28,03;1,66;25;1,9;1,83;3974;41318142;29;6;2020-11-16;;68589;2168;910
Algeria;Africa;28,03;1,66;25;1,9;1,83;3974;41318142;29;6;2020-11-17;;69591;2186;1002
Algeria;Africa;28,03;1,66;25;1,9;1,83;3974;41318142;29;6;2020-11-18;;70629;2206;1038
Algeria;Africa;28,03;1,66;25;1,9;1,83;3974;41318142;29;6;2020-11-19;;71652;2224;1023
Algeria;Africa;28,03;1,66;25;1,9;1,83;3974;41318142;29;6;2020-11-20;;72755;2236;1103
Algeria;Africa;28,03;1,66;25;1,9;1,83;3974;41318142;29;6;2020-11-21;;73774;2255;1019
Algeria;Africa;28,03;1,66;25;1,9;1,83;3974;41318142;29;6;2020-11-22;;74862;2272;1088
Algeria;Africa;28,03;1,66;25;1,9;1,83;3974;41318142;29;6;2020-11-23;;75867;2294;1005
Algeria;Africa;28,03;1,66;25;1,9;1,83;3974;41318142;29;6;2020-11-24;;77000;2309;1133
Algeria;Africa;28,03;1,66;25;1,9;1,83;3974;41318142;29;6;2020-11-25;;78025;2329;1025
Algeria;Africa;28,03;1,66;25;1,9;1,83;3974;41318142;29;6;2020-11-26;;79110;2352;1085
Algeria;Africa;28,03;1,66;25;1,9;1,83;3974;41318142;29;6;2020-11-27;;80168;2372;1058
Algeria;Africa;28,03;1,66;25;1,9;1,83;3974;41318142;29;6;2020-11-28;;81212;2393;1044
Algeria;Africa;28,03;1,66;25;1,9;1,83;3974;41318142;29;6;2020-11-29;;82221;2410;1009
Algeria;Africa;28,03;1,66;25;1,9;1,83;3974;41318142;29;6;2020-11-30;;83199;2431;978
Algeria;Africa;28,03;1,66;25;1,9;1,83;3974;41318142;29;6;2020-12-01;;84152;2447;953
Algeria;Africa;28,03;1,66;25;1,9;1,83;3974;41318142;29;6;2020-12-02;;85084;2464;932
Algeria;Africa;28,03;1,66;25;1,9;1,83;3974;41318142;29;6;2020-12-03;;85927;2480;843
Algeria;Africa;28,03;1,66;25;1,9;1,83;3974;41318142;29;6;2020-12-04;;86730;2492;803
Algeria;Africa;28,03;1,66;25;1,9;1,83;3974;41318142;29;6;2020-12-05;;87502;2501;772
Algeria;Africa;28,03;1,66;25;1,9;1,83;3974;41318142;29;6;2020-12-06;;88252;2516;750
Algeria;Africa;28,03;1,66;25;1,9;1,83;3974;41318142;29;6;2020-12-07;;88825;2527;573
Algeria;Africa;28,03;1,66;25;1,9;1,83;3974;41318142;29;6;2020-12-08;;89416;2539;591
Algeria;Africa;28,03;1,66;25;1,9;1,83;3974;41318142;29;6;2020-12-09;;90014;2554;598
Algeria;Africa;28,03;1,66;25;1,9;1,83;3974;41318142;29;6;2020-12-10;;90579;2564;565
Algeria;Africa;28,03;1,66;25;1,9;1,83;3974;41318142;29;6;2020-12-11;;91121;2575;542
Algeria;Africa;28,03;1,66;25;1,9;1,83;3974;41318142;29;6;2020-12-12;;91638;2584;517
Algeria;Africa;28,03;1,66;25;1,9;1,83;3974;41318142;29;6;2020-12-13;;92102;2596;464
Algeria;Africa;28,03;1,66;25;1,9;1,83;3974;41318142;29;6;2020-12-14;;92597;2609;495
Algeria;Africa;28,03;1,66;25;1,9;1,83;3974;41318142;29;6;2020-12-15;;93065;2623;468
Algeria;Africa;28,03;1,66;25;1,9;1,83;3974;41318142;29;6;2020-12-16;;93507;2631;442
Algeria;Africa;28,03;1,66;25;1,9;1,83;3974;41318142;29;6;2020-12-17;;93933;2640;426
Algeria;Africa;28,03;1,66;25;1,9;1,83;3974;41318142;29;6;2020-12-18;;94371;2647;438
Algeria;Africa;28,03;1,66;25;1,9;1,83;3974;41318142;29;6;2020-12-19;;94781;2659;410
Algeria;Africa;28,03;1,66;25;1,9;1,83;3974;41318142;29;6;2020-12-20;;95203;2666;422
Algeria;Africa;28,03;1,66;25;1,9;1,83;3974;41318142;29;6;2020-12-21;;95659;2675;456
Algeria;Africa;28,03;1,66;25;1,9;1,83;3974;41318142;29;6;2020-12-22;;96069;2687;410
Algeria;Africa;28,03;1,66;25;1,9;1,83;3974;41318142;29;6;2020-12-23;;96549;2696;480
Algeria;Africa;28,03;1,66;25;1,9;1,83;3974;41318142;29;6;2020-12-24;;97007;2705;458
Algeria;Africa;28,03;1,66;25;1,9;1,83;3974;41318142;29;6;2020-12-25;;97441;2716;434
Algeria;Africa;28,03;1,66;25;1,9;1,83;3974;41318142;29;6;2020-12-26;;97857;2722;416
Algeria;Africa;28,03;1,66;25;1,9;1,83;3974;41318142;29;6;2020-12-27;;98249;2728;392
Algeria;Africa;28,03;1,66;25;1,9;1,83;3974;41318142;29;6;2020-12-28;;98631;2737;382
Algeria;Africa;28,03;1,66;25;1,9;1,83;3974;41318142;29;6;2020-12-29;;98988;2745;357
Algeria;Africa;28,03;1,66;25;1,9;1,83;3974;41318142;29;6;2020-12-30;;99311;2751;323
Algeria;Africa;28,03;1,66;25;1,9;1,83;3974;41318142;29;6;2020-12-31;;99610;2756;299
Algeria;Africa;28,03;1,66;25;1,9;1,83;3974;41318142;29;6;2021-01-01;;99897;2762;287
Algeria;Africa;28,03;1,66;25;1,9;1,83;3974;41318142;29;6;2021-01-02;;100159;2769;262
Algeria;Africa;28,03;1,66;25;1,9;1,83;3974;41318142;29;6;2021-01-03;;100408;2772;249
Algeria;Africa;28,03;1,66;25;1,9;1,83;3974;41318142;29;6;2021-01-04;;100645;2777;237
Algeria;Africa;28,03;1,66;25;1,9;1,83;3974;41318142;29;6;2021-01-05;;100873;2782;228
Algeria;Africa;28,03;1,66;25;1,9;1,83;3974;41318142;29;6;2021-01-06;;101120;2786;247
Algeria;Africa;28,03;1,66;25;1,9;1,83;3974;41318142;29;6;2021-01-07;;101382;2792;262
Algeria;Africa;28,03;1,66;25;1,9;1,83;3974;41318142;29;6;2021-01-08;;101657;2798;275
Algeria;Africa;28,03;1,66;25;1,9;1,83;3974;41318142;29;6;2021-01-09;;101913;2803;256
Algeria;Africa;28,03;1,66;25;1,9;1,83;3974;41318142;29;6;2021-01-10;;102144;2807;231
Algeria;Africa;28,03;1,66;25;1,9;1,83;3974;41318142;29;6;2021-01-11;;102369;2812;225
Algeria;Africa;28,03;1,66;25;1,9;1,83;3974;41318142;29;6;2021-01-12;;102641;2816;272
Algeria;Africa;28,03;1,66;25;1,9;1,83;3974;41318142;29;6;2021-01-13;;102860;2819;219
Algeria;Africa;28,03;1,66;25;1,9;1,83;3974;41318142;29;6;2021-01-14;;103127;2822;267
Algeria;Africa;28,03;1,66;25;1,9;1,83;3974;41318142;29;6;2021-01-15;;103381;2827;254
Algeria;Africa;28,03;1,66;25;1,9;1,83;3974;41318142;29;6;2021-01-16;;103611;2831;230
Algeria;Africa;28,03;1,66;25;1,9;1,83;3974;41318142;29;6;2021-01-17;;103833;2836;222
Algeria;Africa;28,03;1,66;25;1,9;1,83;3974;41318142;29;6;2021-01-18;;104092;2840;259
Algeria;Africa;28,03;1,66;25;1,9;1,83;3974;41318142;29;6;2021-01-19;;104341;2843;249
Algeria;Africa;28,03;1,66;25;1,9;1,83;3974;41318142;29;6;2021-01-20;;104606;2849;265
Algeria;Africa;28,03;1,66;25;1,9;1,83;3974;41318142;29;6;2021-01-21;;104852;2853;246
Algeria;Africa;28,03;1,66;25;1,9;1,83;3974;41318142;29;6;2021-01-22;;105124;2856;272
Algeria;Africa;28,03;1,66;25;1,9;1,83;3974;41318142;29;6;2021-01-23;;105369;2861;245
Algeria;Africa;28,03;1,66;25;1,9;1,83;3974;41318142;29;6;2021-01-24;;105596;2863;227
Algeria;Africa;28,03;1,66;25;1,9;1,83;3974;41318142;29;6;2021-01-25;;105854;2866;258
Algeria;Africa;28,03;1,66;25;1,9;1,83;3974;41318142;29;6;2021-01-26;;106097;2871;243
Algeria;Africa;28,03;1,66;25;1,9;1,83;3974;41318142;29;6;2021-01-27;;106359;2877;262
Algeria;Africa;28,03;1,66;25;1,9;1,83;3974;41318142;29;6;2021-01-28;;106610;2881;251
Algeria;Africa;28,03;1,66;25;1,9;1,83;3974;41318142;29;6;2021-01-29;;106887;2884;277
Algeria;Africa;28,03;1,66;25;1,9;1,83;3974;41318142;29;6;2021-01-30;;107122;2888;235
Algeria;Africa;28,03;1,66;25;1,9;1,83;3974;41318142;29;6;2021-01-31;;107339;2891;217
Algeria;Africa;28,03;1,66;25;1,9;1,83;3974;41318142;29;6;2021-02-01;;107578;2894;239
Algeria;Africa;28,03;1,66;25;1,9;1,83;3974;41318142;29;6;2021-02-02;;107841;2898;263
Algeria;Africa;28,03;1,66;25;1,9;1,83;3974;41318142;29;6;2021-02-03;;108116;2900;275
Algeria;Africa;28,03;1,66;25;1,9;1,83;3974;41318142;29;6;2021-02-04;;108381;2904;265
Algeria;Africa;28,03;1,66;25;1,9;1,83;3974;41318142;29;6;2021-02-05;;108629;2909;248
Algeria;Africa;28,03;1,66;25;1,9;1,83;3974;41318142;29;6;2021-02-06;;108629;2909;0
Algeria;Africa;28,03;1,66;25;1,9;1,83;3974;41318142;29;6;2021-02-07;;109088;2914;459
Algeria;Africa;28,03;1,66;25;1,9;1,83;3974;41318142;29;6;2021-02-08;;109313;2918;225
Algeria;Africa;28,03;1,66;25;1,9;1,83;3974;41318142;29;6;2021-02-09;;109559;2924;246
Algeria;Africa;28,03;1,66;25;1,9;1,83;3974;41318142;29;6;2021-02-10;;109782;2926;223
Algeria;Africa;28,03;1,66;25;1,9;1,83;3974;41318142;29;6;2021-02-11;;110049;2930;267
Algeria;Africa;28,03;1,66;25;1,9;1,83;3974;41318142;29;6;2021-02-12;;110303;2932;254
Algeria;Africa;28,03;1,66;25;1,9;1,83;3974;41318142;29;6;2021-02-13;;110513;2935;210
Algeria;Africa;28,03;1,66;25;1,9;1,83;3974;41318142;29;6;2021-02-14;;110711;2939;198
Algeria;Africa;28,03;1,66;25;1,9;1,83;3974;41318142;29;6;2021-02-15;;110894;2943;183
Algeria;Africa;28,03;1,66;25;1,9;1,83;3974;41318142;29;6;2021-02-16;;111069;2945;175
Algeria;Africa;28,03;1,66;25;1,9;1,83;3974;41318142;29;6;2021-02-17;;111247;2947;178
Algeria;Africa;28,03;1,66;25;1,9;1,83;3974;41318142;29;6;2021-02-18;;111418;2950;171
Algeria;Africa;28,03;1,66;25;1,9;1,83;3974;41318142;29;6;2021-02-19;;111600;2954;182
Algeria;Africa;28,03;1,66;25;1,9;1,83;3974;41318142;29;6;2021-02-20;;111764;2958;164
Algeria;Africa;28,03;1,66;25;1,9;1,83;3974;41318142;29;6;2021-02-21;;111917;2961;153
Algeria;Africa;28,03;1,66;25;1,9;1,83;3974;41318142;29;6;2021-02-22;;112094;2964;177
Algeria;Africa;28,03;1,66;25;1,9;1,83;3974;41318142;29;6;2021-02-23;;112279;2967;185
Algeria;Africa;28,03;1,66;25;1,9;1,83;3974;41318142;29;6;2021-02-24;;112461;2970;182
Algeria;Africa;28,03;1,66;25;1,9;1,83;3974;41318142;29;6;2021-02-25;;112622;2973;161
Algeria;Africa;28,03;1,66;25;1,9;1,83;3974;41318142;29;6;2021-02-26;;112805;2977;183
Algeria;Africa;28,03;1,66;25;1,9;1,83;3974;41318142;29;6;2021-02-27;;112960;2979;155
Algeria;Africa;28,03;1,66;25;1,9;1,83;3974;41318142;29;6;2021-02-28;;113092;2983;132
