Entity,Continent,Latitude,Longitude,Average temperature per year,Hospital beds per 1000 people,Medical doctors per 1000 people,GDP/Capita,Population,Median age,Population aged 65 and over (%),Date,Daily tests,Cases,Deaths,daily cases,daily deaths,posratio
Greece,Europe,39.07,21.82,17,4.21,6.26,19582.5,10760421,45,22,2020-03-13,520.0,190.0,1.0,91.0,0.0,0.175
Greece,Europe,39.07,21.82,17,4.21,6.26,19582.5,10760421,45,22,2020-03-14,700.0,228.0,3.0,38.0,2.0,0.054285714285714284
Greece,Europe,39.07,21.82,17,4.21,6.26,19582.5,10760421,45,22,2020-03-15,600.0,331.0,4.0,103.0,1.0,0.17166666666666666
Greece,Europe,39.07,21.82,17,4.21,6.26,19582.5,10760421,45,22,2020-03-16,320.0,331.0,4.0,0.0,0.0,0.0
Greece,Europe,39.07,21.82,17,4.21,6.26,19582.5,10760421,45,22,2020-03-21,658.0,530.0,13.0,35.0,7.0,0.05319148936170213
Greece,Europe,39.07,21.82,17,4.21,6.26,19582.5,10760421,45,22,2020-03-22,176.0,624.0,15.0,94.0,2.0,0.5340909090909091
Greece,Europe,39.07,21.82,17,4.21,6.26,19582.5,10760421,45,22,2020-03-23,638.0,695.0,17.0,71.0,2.0,0.11128526645768025
Greece,Europe,39.07,21.82,17,4.21,6.26,19582.5,10760421,45,22,2020-03-24,427.0,743.0,20.0,48.0,3.0,0.11241217798594848
Greece,Europe,39.07,21.82,17,4.21,6.26,19582.5,10760421,45,22,2020-03-25,1424.0,821.0,22.0,78.0,2.0,0.054775280898876406
Greece,Europe,39.07,21.82,17,4.21,6.26,19582.5,10760421,45,22,2020-03-28,886.0,1061.0,32.0,95.0,4.0,0.1072234762979684
Greece,Europe,39.07,21.82,17,4.21,6.26,19582.5,10760421,45,22,2020-03-29,788.0,1156.0,38.0,95.0,6.0,0.12055837563451777
Greece,Europe,39.07,21.82,17,4.21,6.26,19582.5,10760421,45,22,2020-03-30,810.0,1212.0,43.0,56.0,5.0,0.0691358024691358
Greece,Europe,39.07,21.82,17,4.21,6.26,19582.5,10760421,45,22,2020-03-31,771.0,1314.0,49.0,102.0,6.0,0.13229571984435798
Greece,Europe,39.07,21.82,17,4.21,6.26,19582.5,10760421,45,22,2020-04-01,618.0,1415.0,50.0,101.0,1.0,0.1634304207119741
Greece,Europe,39.07,21.82,17,4.21,6.26,19582.5,10760421,45,22,2020-04-02,1494.0,1544.0,53.0,129.0,3.0,0.08634538152610442
Greece,Europe,39.07,21.82,17,4.21,6.26,19582.5,10760421,45,22,2020-04-03,3593.0,1613.0,63.0,69.0,10.0,0.0192040077929307
Greece,Europe,39.07,21.82,17,4.21,6.26,19582.5,10760421,45,22,2020-04-04,896.0,1673.0,68.0,60.0,5.0,0.06696428571428571
Greece,Europe,39.07,21.82,17,4.21,6.26,19582.5,10760421,45,22,2020-04-05,2120.0,1735.0,73.0,62.0,5.0,0.029245283018867925
Greece,Europe,39.07,21.82,17,4.21,6.26,19582.5,10760421,45,22,2020-04-06,740.0,1755.0,79.0,20.0,6.0,0.02702702702702703
Greece,Europe,39.07,21.82,17,4.21,6.26,19582.5,10760421,45,22,2020-04-07,2391.0,1832.0,81.0,77.0,2.0,0.03220409870347135
Greece,Europe,39.07,21.82,17,4.21,6.26,19582.5,10760421,45,22,2020-04-08,3944.0,1884.0,83.0,52.0,2.0,0.013184584178498986
Greece,Europe,39.07,21.82,17,4.21,6.26,19582.5,10760421,45,22,2020-04-09,1106.0,1955.0,87.0,71.0,4.0,0.06419529837251356
Greece,Europe,39.07,21.82,17,4.21,6.26,19582.5,10760421,45,22,2020-04-10,1798.0,2011.0,92.0,56.0,5.0,0.03114571746384872
Greece,Europe,39.07,21.82,17,4.21,6.26,19582.5,10760421,45,22,2020-04-11,1912.0,2081.0,93.0,70.0,1.0,0.036610878661087864
Greece,Europe,39.07,21.82,17,4.21,6.26,19582.5,10760421,45,22,2020-04-12,4917.0,2114.0,98.0,33.0,5.0,0.006711409395973154
Greece,Europe,39.07,21.82,17,4.21,6.26,19582.5,10760421,45,22,2020-04-13,1170.0,2145.0,99.0,31.0,1.0,0.026495726495726495
Greece,Europe,39.07,21.82,17,4.21,6.26,19582.5,10760421,45,22,2020-04-16,2001.0,2207.0,105.0,15.0,3.0,0.0074962518740629685
Greece,Europe,39.07,21.82,17,4.21,6.26,19582.5,10760421,45,22,2020-04-17,2255.0,2224.0,108.0,17.0,3.0,0.00753880266075388
Greece,Europe,39.07,21.82,17,4.21,6.26,19582.5,10760421,45,22,2020-04-18,1645.0,2235.0,110.0,11.0,2.0,0.006686930091185411
Greece,Europe,39.07,21.82,17,4.21,6.26,19582.5,10760421,45,22,2020-04-21,1322.0,2401.0,121.0,156.0,5.0,0.11800302571860817
Greece,Europe,39.07,21.82,17,4.21,6.26,19582.5,10760421,45,22,2020-04-22,1326.0,2408.0,121.0,7.0,0.0,0.005279034690799397
Greece,Europe,39.07,21.82,17,4.21,6.26,19582.5,10760421,45,22,2020-04-23,2249.0,2463.0,125.0,55.0,4.0,0.024455313472654512
Greece,Europe,39.07,21.82,17,4.21,6.26,19582.5,10760421,45,22,2020-04-24,2166.0,2490.0,130.0,27.0,5.0,0.012465373961218837
Greece,Europe,39.07,21.82,17,4.21,6.26,19582.5,10760421,45,22,2020-04-25,1680.0,2506.0,130.0,16.0,0.0,0.009523809523809525
Greece,Europe,39.07,21.82,17,4.21,6.26,19582.5,10760421,45,22,2020-04-26,1521.0,2517.0,134.0,11.0,4.0,0.007232084155161078
Greece,Europe,39.07,21.82,17,4.21,6.26,19582.5,10760421,45,22,2020-04-27,1486.0,2534.0,136.0,17.0,2.0,0.011440107671601614
Greece,Europe,39.07,21.82,17,4.21,6.26,19582.5,10760421,45,22,2020-04-28,3739.0,2566.0,138.0,32.0,2.0,0.008558438085049478
Greece,Europe,39.07,21.82,17,4.21,6.26,19582.5,10760421,45,22,2020-04-29,2297.0,2576.0,139.0,10.0,1.0,0.0043535045711798
Greece,Europe,39.07,21.82,17,4.21,6.26,19582.5,10760421,45,22,2020-04-30,3040.0,2591.0,140.0,15.0,1.0,0.004934210526315789
Greece,Europe,39.07,21.82,17,4.21,6.26,19582.5,10760421,45,22,2020-05-01,2081.0,2612.0,140.0,21.0,0.0,0.010091302258529554
Greece,Europe,39.07,21.82,17,4.21,6.26,19582.5,10760421,45,22,2020-05-02,956.0,2620.0,143.0,8.0,3.0,0.008368200836820083
Greece,Europe,39.07,21.82,17,4.21,6.26,19582.5,10760421,45,22,2020-05-03,1125.0,2626.0,144.0,6.0,1.0,0.005333333333333333
Greece,Europe,39.07,21.82,17,4.21,6.26,19582.5,10760421,45,22,2020-05-04,1619.0,2632.0,146.0,6.0,2.0,0.0037059913526868438
Greece,Europe,39.07,21.82,17,4.21,6.26,19582.5,10760421,45,22,2020-05-05,2799.0,2642.0,146.0,10.0,0.0,0.0035727045373347625
Greece,Europe,39.07,21.82,17,4.21,6.26,19582.5,10760421,45,22,2020-05-06,3302.0,2663.0,147.0,21.0,1.0,0.006359781950333132
Greece,Europe,39.07,21.82,17,4.21,6.26,19582.5,10760421,45,22,2020-05-07,2991.0,2678.0,148.0,15.0,1.0,0.0050150451354062184
Greece,Europe,39.07,21.82,17,4.21,6.26,19582.5,10760421,45,22,2020-05-08,4248.0,2691.0,150.0,13.0,2.0,0.0030602636534839923
Greece,Europe,39.07,21.82,17,4.21,6.26,19582.5,10760421,45,22,2020-05-09,3093.0,2710.0,151.0,19.0,1.0,0.006142903330100227
Greece,Europe,39.07,21.82,17,4.21,6.26,19582.5,10760421,45,22,2020-05-10,1493.0,2716.0,151.0,6.0,0.0,0.004018754186202277
Greece,Europe,39.07,21.82,17,4.21,6.26,19582.5,10760421,45,22,2020-05-11,486.0,2726.0,151.0,10.0,0.0,0.0205761316872428
Greece,Europe,39.07,21.82,17,4.21,6.26,19582.5,10760421,45,22,2020-05-12,6691.0,2744.0,152.0,18.0,1.0,0.00269018083993424
Greece,Europe,39.07,21.82,17,4.21,6.26,19582.5,10760421,45,22,2020-05-13,5988.0,2760.0,155.0,16.0,3.0,0.0026720106880427524
Greece,Europe,39.07,21.82,17,4.21,6.26,19582.5,10760421,45,22,2020-05-14,4191.0,2770.0,156.0,10.0,1.0,0.0023860653781913625
Greece,Europe,39.07,21.82,17,4.21,6.26,19582.5,10760421,45,22,2020-05-15,3782.0,2810.0,160.0,40.0,4.0,0.010576414595452142
Greece,Europe,39.07,21.82,17,4.21,6.26,19582.5,10760421,45,22,2020-05-16,6268.0,2819.0,162.0,9.0,2.0,0.0014358647096362476
Greece,Europe,39.07,21.82,17,4.21,6.26,19582.5,10760421,45,22,2020-05-17,2242.0,2834.0,163.0,15.0,1.0,0.006690454950936664
Greece,Europe,39.07,21.82,17,4.21,6.26,19582.5,10760421,45,22,2020-05-18,3159.0,2836.0,165.0,2.0,2.0,0.0006331117442228553
Greece,Europe,39.07,21.82,17,4.21,6.26,19582.5,10760421,45,22,2020-05-19,4317.0,2840.0,165.0,4.0,0.0,0.000926569376882094
Greece,Europe,39.07,21.82,17,4.21,6.26,19582.5,10760421,45,22,2020-05-20,3444.0,2850.0,166.0,10.0,1.0,0.0029036004645760743
Greece,Europe,39.07,21.82,17,4.21,6.26,19582.5,10760421,45,22,2020-05-21,4633.0,2853.0,168.0,3.0,2.0,0.0006475285991797971
Greece,Europe,39.07,21.82,17,4.21,6.26,19582.5,10760421,45,22,2020-05-22,3880.0,2874.0,169.0,21.0,1.0,0.005412371134020618
Greece,Europe,39.07,21.82,17,4.21,6.26,19582.5,10760421,45,22,2020-05-23,5040.0,2876.0,171.0,2.0,2.0,0.0003968253968253968
Greece,Europe,39.07,21.82,17,4.21,6.26,19582.5,10760421,45,22,2020-05-24,965.0,2878.0,171.0,2.0,0.0,0.002072538860103627
Greece,Europe,39.07,21.82,17,4.21,6.26,19582.5,10760421,45,22,2020-05-25,1074.0,2882.0,172.0,4.0,1.0,0.0037243947858473
Greece,Europe,39.07,21.82,17,4.21,6.26,19582.5,10760421,45,22,2020-05-26,5954.0,2892.0,173.0,10.0,1.0,0.0016795431642593216
Greece,Europe,39.07,21.82,17,4.21,6.26,19582.5,10760421,45,22,2020-05-27,5254.0,2903.0,173.0,11.0,0.0,0.002093642938713361
Greece,Europe,39.07,21.82,17,4.21,6.26,19582.5,10760421,45,22,2020-05-28,4222.0,2906.0,175.0,3.0,2.0,0.0007105637138796779
Greece,Europe,39.07,21.82,17,4.21,6.26,19582.5,10760421,45,22,2020-05-29,4377.0,2909.0,175.0,3.0,0.0,0.0006854009595613434
Greece,Europe,39.07,21.82,17,4.21,6.26,19582.5,10760421,45,22,2020-05-30,3472.0,2915.0,175.0,6.0,0.0,0.0017281105990783411
Greece,Europe,39.07,21.82,17,4.21,6.26,19582.5,10760421,45,22,2020-05-31,2202.0,2917.0,175.0,2.0,0.0,0.0009082652134423251
Greece,Europe,39.07,21.82,17,4.21,6.26,19582.5,10760421,45,22,2020-06-01,1905.0,2918.0,179.0,1.0,4.0,0.0005249343832020997
Greece,Europe,39.07,21.82,17,4.21,6.26,19582.5,10760421,45,22,2020-06-02,3167.0,2937.0,179.0,19.0,0.0,0.005999368487527629
Greece,Europe,39.07,21.82,17,4.21,6.26,19582.5,10760421,45,22,2020-06-09,2240.0,3058.0,183.0,9.0,1.0,0.0040178571428571425
Greece,Europe,39.07,21.82,17,4.21,6.26,19582.5,10760421,45,22,2020-06-12,6591.0,3108.0,183.0,20.0,0.0,0.0030344409042633897
Greece,Europe,39.07,21.82,17,4.21,6.26,19582.5,10760421,45,22,2020-06-13,3585.0,3112.0,183.0,4.0,0.0,0.0011157601115760112
Greece,Europe,39.07,21.82,17,4.21,6.26,19582.5,10760421,45,22,2020-06-14,3471.0,3121.0,183.0,9.0,0.0,0.0025929127052722557
Greece,Europe,39.07,21.82,17,4.21,6.26,19582.5,10760421,45,22,2020-06-15,3931.0,3134.0,184.0,13.0,1.0,0.003307046553039939
Greece,Europe,39.07,21.82,17,4.21,6.26,19582.5,10760421,45,22,2020-06-16,4882.0,3148.0,185.0,14.0,1.0,0.0028676771814829987
Greece,Europe,39.07,21.82,17,4.21,6.26,19582.5,10760421,45,22,2020-06-17,5194.0,3203.0,187.0,55.0,2.0,0.01058914131690412
Greece,Europe,39.07,21.82,17,4.21,6.26,19582.5,10760421,45,22,2020-06-18,5408.0,3227.0,188.0,24.0,1.0,0.004437869822485207
Greece,Europe,39.07,21.82,17,4.21,6.26,19582.5,10760421,45,22,2020-06-19,4373.0,3237.0,189.0,10.0,1.0,0.00228675966155957
Greece,Europe,39.07,21.82,17,4.21,6.26,19582.5,10760421,45,22,2020-06-20,4184.0,3256.0,190.0,19.0,1.0,0.004541108986615679
Greece,Europe,39.07,21.82,17,4.21,6.26,19582.5,10760421,45,22,2020-06-21,4251.0,3266.0,190.0,10.0,0.0,0.002352387673488591
Greece,Europe,39.07,21.82,17,4.21,6.26,19582.5,10760421,45,22,2020-06-22,2843.0,3287.0,190.0,21.0,0.0,0.007386563489271896
Greece,Europe,39.07,21.82,17,4.21,6.26,19582.5,10760421,45,22,2020-06-23,5198.0,3302.0,190.0,15.0,0.0,0.0028857252789534437
Greece,Europe,39.07,21.82,17,4.21,6.26,19582.5,10760421,45,22,2020-06-26,4011.0,3343.0,191.0,22.0,0.0,0.005484916479680878
Greece,Europe,39.07,21.82,17,4.21,6.26,19582.5,10760421,45,22,2020-06-27,5293.0,3366.0,191.0,23.0,0.0,0.0043453617986019275
Greece,Europe,39.07,21.82,17,4.21,6.26,19582.5,10760421,45,22,2020-06-28,3993.0,3376.0,191.0,10.0,0.0,0.002504382669671926
Greece,Europe,39.07,21.82,17,4.21,6.26,19582.5,10760421,45,22,2020-06-29,3255.0,3390.0,191.0,14.0,0.0,0.004301075268817204
Greece,Europe,39.07,21.82,17,4.21,6.26,19582.5,10760421,45,22,2020-06-30,4383.0,3409.0,192.0,19.0,1.0,0.004334930412959161
Greece,Europe,39.07,21.82,17,4.21,6.26,19582.5,10760421,45,22,2020-07-01,3207.0,3432.0,192.0,23.0,0.0,0.007171811661989398
Greece,Europe,39.07,21.82,17,4.21,6.26,19582.5,10760421,45,22,2020-07-02,4445.0,3458.0,192.0,26.0,0.0,0.005849268841394826
Greece,Europe,39.07,21.82,17,4.21,6.26,19582.5,10760421,45,22,2020-07-03,5024.0,3486.0,192.0,28.0,0.0,0.005573248407643312
Greece,Europe,39.07,21.82,17,4.21,6.26,19582.5,10760421,45,22,2020-07-04,6252.0,3511.0,192.0,25.0,0.0,0.00399872040946897
Greece,Europe,39.07,21.82,17,4.21,6.26,19582.5,10760421,45,22,2020-07-05,5451.0,3519.0,192.0,8.0,0.0,0.001467620620069712
Greece,Europe,39.07,21.82,17,4.21,6.26,19582.5,10760421,45,22,2020-07-06,3174.0,3562.0,192.0,43.0,0.0,0.013547574039067423
Greece,Europe,39.07,21.82,17,4.21,6.26,19582.5,10760421,45,22,2020-07-07,8756.0,3589.0,193.0,27.0,1.0,0.0030835998172681588
Greece,Europe,39.07,21.82,17,4.21,6.26,19582.5,10760421,45,22,2020-07-08,6106.0,3622.0,193.0,33.0,0.0,0.005404520144120537
Greece,Europe,39.07,21.82,17,4.21,6.26,19582.5,10760421,45,22,2020-07-09,3535.0,3672.0,193.0,50.0,0.0,0.014144271570014143
Greece,Europe,39.07,21.82,17,4.21,6.26,19582.5,10760421,45,22,2020-07-10,4687.0,3732.0,193.0,60.0,0.0,0.012801365478984425
Greece,Europe,39.07,21.82,17,4.21,6.26,19582.5,10760421,45,22,2020-07-11,7755.0,3772.0,193.0,40.0,0.0,0.0051579626047711154
Greece,Europe,39.07,21.82,17,4.21,6.26,19582.5,10760421,45,22,2020-07-12,2765.0,3803.0,193.0,31.0,0.0,0.011211573236889693
Greece,Europe,39.07,21.82,17,4.21,6.26,19582.5,10760421,45,22,2020-07-13,8520.0,3826.0,193.0,23.0,0.0,0.002699530516431925
Greece,Europe,39.07,21.82,17,4.21,6.26,19582.5,10760421,45,22,2020-07-14,3855.0,3883.0,193.0,57.0,0.0,0.014785992217898832
Greece,Europe,39.07,21.82,17,4.21,6.26,19582.5,10760421,45,22,2020-07-15,5466.0,3910.0,193.0,27.0,0.0,0.004939626783754116
Greece,Europe,39.07,21.82,17,4.21,6.26,19582.5,10760421,45,22,2020-07-16,6574.0,3939.0,193.0,29.0,0.0,0.004411317310617584
Greece,Europe,39.07,21.82,17,4.21,6.26,19582.5,10760421,45,22,2020-07-17,4325.0,3964.0,194.0,25.0,1.0,0.005780346820809248
Greece,Europe,39.07,21.82,17,4.21,6.26,19582.5,10760421,45,22,2020-07-18,3368.0,3983.0,194.0,19.0,0.0,0.0056413301662707836
Greece,Europe,39.07,21.82,17,4.21,6.26,19582.5,10760421,45,22,2020-07-19,4726.0,4007.0,194.0,24.0,0.0,0.0050782903089293275
Greece,Europe,39.07,21.82,17,4.21,6.26,19582.5,10760421,45,22,2020-07-20,2994.0,4012.0,195.0,5.0,1.0,0.0016700066800267202
Greece,Europe,39.07,21.82,17,4.21,6.26,19582.5,10760421,45,22,2020-07-21,6146.0,4048.0,197.0,36.0,2.0,0.00585746827204686
Greece,Europe,39.07,21.82,17,4.21,6.26,19582.5,10760421,45,22,2020-07-22,4769.0,4077.0,200.0,29.0,3.0,0.006080939400293563
Greece,Europe,39.07,21.82,17,4.21,6.26,19582.5,10760421,45,22,2020-07-23,6189.0,4110.0,201.0,33.0,1.0,0.005332040717401842
Greece,Europe,39.07,21.82,17,4.21,6.26,19582.5,10760421,45,22,2020-07-24,5646.0,4135.0,201.0,25.0,0.0,0.004427913567127169
Greece,Europe,39.07,21.82,17,4.21,6.26,19582.5,10760421,45,22,2020-07-27,3632.0,4227.0,202.0,34.0,0.0,0.009361233480176211
Greece,Europe,39.07,21.82,17,4.21,6.26,19582.5,10760421,45,22,2020-07-28,6223.0,4279.0,203.0,52.0,1.0,0.00835609834484975
Greece,Europe,39.07,21.82,17,4.21,6.26,19582.5,10760421,45,22,2020-07-29,53889.0,4336.0,203.0,57.0,0.0,0.0010577297778767466
Greece,Europe,39.07,21.82,17,4.21,6.26,19582.5,10760421,45,22,2020-07-30,8458.0,4401.0,203.0,65.0,0.0,0.007685031922440294
Greece,Europe,39.07,21.82,17,4.21,6.26,19582.5,10760421,45,22,2020-08-02,5946.0,4662.0,208.0,75.0,2.0,0.012613521695257316
Greece,Europe,39.07,21.82,17,4.21,6.26,19582.5,10760421,45,22,2020-08-03,19417.0,4737.0,209.0,75.0,1.0,0.0038625946335685223
Greece,Europe,39.07,21.82,17,4.21,6.26,19582.5,10760421,45,22,2020-08-04,34853.0,4855.0,209.0,118.0,0.0,0.0033856482942644824
Greece,Europe,39.07,21.82,17,4.21,6.26,19582.5,10760421,45,22,2020-08-05,9874.0,4974.0,210.0,119.0,1.0,0.012051853352238202
Greece,Europe,39.07,21.82,17,4.21,6.26,19582.5,10760421,45,22,2020-08-06,9810.0,5123.0,210.0,149.0,0.0,0.015188583078491335
Greece,Europe,39.07,21.82,17,4.21,6.26,19582.5,10760421,45,22,2020-08-07,11590.0,5270.0,210.0,147.0,0.0,0.01268334771354616
Greece,Europe,39.07,21.82,17,4.21,6.26,19582.5,10760421,45,22,2020-08-08,9314.0,5421.0,211.0,151.0,1.0,0.016212153747047455
Greece,Europe,39.07,21.82,17,4.21,6.26,19582.5,10760421,45,22,2020-08-09,10701.0,5623.0,212.0,202.0,1.0,0.018876740491542848
Greece,Europe,39.07,21.82,17,4.21,6.26,19582.5,10760421,45,22,2020-08-10,7180.0,5749.0,213.0,126.0,1.0,0.01754874651810585
Greece,Europe,39.07,21.82,17,4.21,6.26,19582.5,10760421,45,22,2020-08-11,10561.0,5942.0,214.0,193.0,1.0,0.018274784584793105
Greece,Europe,39.07,21.82,17,4.21,6.26,19582.5,10760421,45,22,2020-08-12,11046.0,6177.0,216.0,235.0,2.0,0.021274669563642948
Greece,Europe,39.07,21.82,17,4.21,6.26,19582.5,10760421,45,22,2020-08-13,7553.0,6381.0,221.0,204.0,5.0,0.027009135442870383
Greece,Europe,39.07,21.82,17,4.21,6.26,19582.5,10760421,45,22,2020-08-14,17583.0,6632.0,223.0,251.0,2.0,0.014275152135585509
Greece,Europe,39.07,21.82,17,4.21,6.26,19582.5,10760421,45,22,2020-08-15,10582.0,6858.0,226.0,226.0,3.0,0.021357021357021357
Greece,Europe,39.07,21.82,17,4.21,6.26,19582.5,10760421,45,22,2020-08-16,3808.0,7075.0,228.0,217.0,2.0,0.05698529411764706
Greece,Europe,39.07,21.82,17,4.21,6.26,19582.5,10760421,45,22,2020-08-17,7650.0,7222.0,230.0,147.0,2.0,0.019215686274509803
Greece,Europe,39.07,21.82,17,4.21,6.26,19582.5,10760421,45,22,2020-08-18,13910.0,7472.0,232.0,250.0,2.0,0.017972681524083392
Greece,Europe,39.07,21.82,17,4.21,6.26,19582.5,10760421,45,22,2020-08-19,63411.0,7684.0,235.0,212.0,3.0,0.003343268518080459
Greece,Europe,39.07,21.82,17,4.21,6.26,19582.5,10760421,45,22,2020-08-20,12168.0,7934.0,235.0,250.0,0.0,0.020545693622616698
Greece,Europe,39.07,21.82,17,4.21,6.26,19582.5,10760421,45,22,2020-08-24,9758.0,8819.0,242.0,155.0,0.0,0.015884402541504406
Greece,Europe,39.07,21.82,17,4.21,6.26,19582.5,10760421,45,22,2020-08-25,14412.0,8987.0,243.0,168.0,1.0,0.011656952539550375
Greece,Europe,39.07,21.82,17,4.21,6.26,19582.5,10760421,45,22,2020-08-28,13833.0,9800.0,259.0,269.0,5.0,0.019446251716908843
Greece,Europe,39.07,21.82,17,4.21,6.26,19582.5,10760421,45,22,2020-08-29,13737.0,9977.0,260.0,177.0,1.0,0.01288490936885783
Greece,Europe,39.07,21.82,17,4.21,6.26,19582.5,10760421,45,22,2020-08-30,9880.0,10134.0,262.0,157.0,2.0,0.01589068825910931
Greece,Europe,39.07,21.82,17,4.21,6.26,19582.5,10760421,45,22,2020-08-31,8485.0,10317.0,266.0,183.0,4.0,0.021567472009428403
Greece,Europe,39.07,21.82,17,4.21,6.26,19582.5,10760421,45,22,2020-09-01,16979.0,10524.0,271.0,207.0,5.0,0.012191530714411921
Greece,Europe,39.07,21.82,17,4.21,6.26,19582.5,10760421,45,22,2020-09-02,14154.0,10757.0,273.0,233.0,2.0,0.01646177758937403
Greece,Europe,39.07,21.82,17,4.21,6.26,19582.5,10760421,45,22,2020-09-03,12066.0,10998.0,278.0,241.0,5.0,0.019973479197745732
Greece,Europe,39.07,21.82,17,4.21,6.26,19582.5,10760421,45,22,2020-09-04,10576.0,11200.0,279.0,202.0,1.0,0.01909984871406959
Greece,Europe,39.07,21.82,17,4.21,6.26,19582.5,10760421,45,22,2020-09-05,11922.0,11386.0,280.0,186.0,1.0,0.01560140915953699
Greece,Europe,39.07,21.82,17,4.21,6.26,19582.5,10760421,45,22,2020-09-14,7145.0,13420.0,310.0,180.0,5.0,0.025192442267319804
Greece,Europe,39.07,21.82,17,4.21,6.26,19582.5,10760421,45,22,2020-09-19,12301.0,14978.0,331.0,240.0,4.0,0.019510608893585888
Greece,Europe,39.07,21.82,17,4.21,6.26,19582.5,10760421,45,22,2020-09-20,8200.0,15142.0,338.0,164.0,7.0,0.02
Greece,Europe,39.07,21.82,17,4.21,6.26,19582.5,10760421,45,22,2020-09-21,7905.0,15595.0,344.0,453.0,6.0,0.05730550284629981
Greece,Europe,39.07,21.82,17,4.21,6.26,19582.5,10760421,45,22,2020-09-22,10899.0,15928.0,352.0,333.0,8.0,0.0305532617671346
Greece,Europe,39.07,21.82,17,4.21,6.26,19582.5,10760421,45,22,2020-09-23,12212.0,16286.0,357.0,358.0,5.0,0.0293154274484114
Greece,Europe,39.07,21.82,17,4.21,6.26,19582.5,10760421,45,22,2020-09-24,13134.0,16627.0,366.0,341.0,9.0,0.025963149078726967
Greece,Europe,39.07,21.82,17,4.21,6.26,19582.5,10760421,45,22,2020-09-25,10073.0,16913.0,369.0,286.0,3.0,0.02839273304874417
Greece,Europe,39.07,21.82,17,4.21,6.26,19582.5,10760421,45,22,2020-09-26,21498.0,17228.0,376.0,315.0,7.0,0.01465252581635501
Greece,Europe,39.07,21.82,17,4.21,6.26,19582.5,10760421,45,22,2020-09-27,9966.0,17444.0,379.0,216.0,3.0,0.021673690547862733
Greece,Europe,39.07,21.82,17,4.21,6.26,19582.5,10760421,45,22,2020-09-28,6696.0,17707.0,383.0,263.0,4.0,0.03927718040621266
Greece,Europe,39.07,21.82,17,4.21,6.26,19582.5,10760421,45,22,2020-10-01,11571.0,18886.0,393.0,411.0,2.0,0.03551983406792844
Greece,Europe,39.07,21.82,17,4.21,6.26,19582.5,10760421,45,22,2020-10-02,10518.0,19346.0,398.0,460.0,5.0,0.04373455029473284
Greece,Europe,39.07,21.82,17,4.21,6.26,19582.5,10760421,45,22,2020-10-03,12593.0,19613.0,405.0,267.0,7.0,0.021202255221154608
Greece,Europe,39.07,21.82,17,4.21,6.26,19582.5,10760421,45,22,2020-10-04,10407.0,19842.0,409.0,229.0,4.0,0.02200442010185452
Greece,Europe,39.07,21.82,17,4.21,6.26,19582.5,10760421,45,22,2020-10-05,7275.0,20142.0,417.0,300.0,8.0,0.041237113402061855
Greece,Europe,39.07,21.82,17,4.21,6.26,19582.5,10760421,45,22,2020-10-06,13168.0,20541.0,420.0,399.0,3.0,0.030300729040097205
Greece,Europe,39.07,21.82,17,4.21,6.26,19582.5,10760421,45,22,2020-10-07,13096.0,20947.0,424.0,406.0,4.0,0.031001832620647526
Greece,Europe,39.07,21.82,17,4.21,6.26,19582.5,10760421,45,22,2020-10-08,12668.0,21381.0,430.0,434.0,6.0,0.034259551626144615
Greece,Europe,39.07,21.82,17,4.21,6.26,19582.5,10760421,45,22,2020-10-09,12414.0,21772.0,431.0,391.0,1.0,0.0314966972772676
Greece,Europe,39.07,21.82,17,4.21,6.26,19582.5,10760421,45,22,2020-10-10,15401.0,22078.0,436.0,306.0,5.0,0.019868839685734694
Greece,Europe,39.07,21.82,17,4.21,6.26,19582.5,10760421,45,22,2020-10-11,10357.0,22358.0,449.0,280.0,13.0,0.027034855653181422
Greece,Europe,39.07,21.82,17,4.21,6.26,19582.5,10760421,45,22,2020-10-12,6966.0,22652.0,456.0,294.0,7.0,0.04220499569336779
Greece,Europe,39.07,21.82,17,4.21,6.26,19582.5,10760421,45,22,2020-10-13,20820.0,23060.0,462.0,408.0,6.0,0.019596541786743516
Greece,Europe,39.07,21.82,17,4.21,6.26,19582.5,10760421,45,22,2020-10-14,21531.0,23495.0,469.0,435.0,7.0,0.020203427615995542
Greece,Europe,39.07,21.82,17,4.21,6.26,19582.5,10760421,45,22,2020-10-15,21962.0,23947.0,482.0,452.0,13.0,0.020581003551589108
Greece,Europe,39.07,21.82,17,4.21,6.26,19582.5,10760421,45,22,2020-10-16,21281.0,24450.0,490.0,503.0,8.0,0.023636107325783563
Greece,Europe,39.07,21.82,17,4.21,6.26,19582.5,10760421,45,22,2020-10-17,21129.0,24932.0,500.0,482.0,10.0,0.022812248568318424
Greece,Europe,39.07,21.82,17,4.21,6.26,19582.5,10760421,45,22,2020-10-18,15514.0,25370.0,509.0,438.0,9.0,0.02823256413561944
Greece,Europe,39.07,21.82,17,4.21,6.26,19582.5,10760421,45,22,2020-10-19,7524.0,25802.0,520.0,432.0,11.0,0.05741626794258373
Greece,Europe,39.07,21.82,17,4.21,6.26,19582.5,10760421,45,22,2020-10-20,21392.0,26469.0,528.0,667.0,8.0,0.031179880329094987
Greece,Europe,39.07,21.82,17,4.21,6.26,19582.5,10760421,45,22,2020-10-21,23900.0,27334.0,534.0,865.0,6.0,0.03619246861924686
Greece,Europe,39.07,21.82,17,4.21,6.26,19582.5,10760421,45,22,2020-10-22,23200.0,28216.0,549.0,882.0,15.0,0.03801724137931035
Greece,Europe,39.07,21.82,17,4.21,6.26,19582.5,10760421,45,22,2020-10-23,24011.0,29057.0,559.0,841.0,10.0,0.035025613260588895
Greece,Europe,39.07,21.82,17,4.21,6.26,19582.5,10760421,45,22,2020-10-24,22656.0,29992.0,564.0,935.0,5.0,0.0412694209039548
Greece,Europe,39.07,21.82,17,4.21,6.26,19582.5,10760421,45,22,2020-10-25,18636.0,30782.0,574.0,790.0,10.0,0.04239107104528869
Greece,Europe,39.07,21.82,17,4.21,6.26,19582.5,10760421,45,22,2020-10-26,13793.0,31496.0,581.0,714.0,7.0,0.051765388240411804
Greece,Europe,39.07,21.82,17,4.21,6.26,19582.5,10760421,45,22,2020-10-27,23147.0,32752.0,593.0,1256.0,12.0,0.05426189138981293
Greece,Europe,39.07,21.82,17,4.21,6.26,19582.5,10760421,45,22,2020-10-28,24251.0,34299.0,603.0,1547.0,10.0,0.06379118386870644
Greece,Europe,39.07,21.82,17,4.21,6.26,19582.5,10760421,45,22,2020-10-29,12963.0,35510.0,615.0,1211.0,12.0,0.0934197330864769
Greece,Europe,39.07,21.82,17,4.21,6.26,19582.5,10760421,45,22,2020-10-30,29541.0,37196.0,620.0,1686.0,5.0,0.057073220270133035
Greece,Europe,39.07,21.82,17,4.21,6.26,19582.5,10760421,45,22,2020-10-31,26185.0,39251.0,626.0,2055.0,6.0,0.07848004582776398
Greece,Europe,39.07,21.82,17,4.21,6.26,19582.5,10760421,45,22,2020-11-03,27988.0,44246.0,655.0,2166.0,13.0,0.0773903101329141
Greece,Europe,39.07,21.82,17,4.21,6.26,19582.5,10760421,45,22,2020-11-04,27288.0,46892.0,673.0,2646.0,18.0,0.09696569920844327
Greece,Europe,39.07,21.82,17,4.21,6.26,19582.5,10760421,45,22,2020-11-05,26228.0,49807.0,702.0,2915.0,29.0,0.11114076559402165
Greece,Europe,39.07,21.82,17,4.21,6.26,19582.5,10760421,45,22,2020-11-06,29590.0,52254.0,715.0,2447.0,13.0,0.08269685704629942
Greece,Europe,39.07,21.82,17,4.21,6.26,19582.5,10760421,45,22,2020-11-07,27883.0,54809.0,749.0,2555.0,34.0,0.0916328945952731
Greece,Europe,39.07,21.82,17,4.21,6.26,19582.5,10760421,45,22,2020-11-08,16134.0,56698.0,784.0,1889.0,35.0,0.11708193876286103
Greece,Europe,39.07,21.82,17,4.21,6.26,19582.5,10760421,45,22,2020-11-09,11321.0,58187.0,825.0,1489.0,41.0,0.13152548361452168
Greece,Europe,39.07,21.82,17,4.21,6.26,19582.5,10760421,45,22,2020-11-10,27815.0,60570.0,866.0,2383.0,41.0,0.08567319791479418
Greece,Europe,39.07,21.82,17,4.21,6.26,19582.5,10760421,45,22,2020-11-11,29190.0,63321.0,909.0,2751.0,43.0,0.09424460431654676
Greece,Europe,39.07,21.82,17,4.21,6.26,19582.5,10760421,45,22,2020-11-12,28594.0,66637.0,959.0,3316.0,50.0,0.11596838497586906
Greece,Europe,39.07,21.82,17,4.21,6.26,19582.5,10760421,45,22,2020-11-13,29435.0,69675.0,997.0,3038.0,38.0,0.10321046373365042
Greece,Europe,39.07,21.82,17,4.21,6.26,19582.5,10760421,45,22,2020-11-14,28843.0,72510.0,1035.0,2835.0,38.0,0.09829074645494575
Greece,Europe,39.07,21.82,17,4.21,6.26,19582.5,10760421,45,22,2020-11-15,15897.0,74205.0,1106.0,1695.0,71.0,0.10662389130024533
Greece,Europe,39.07,21.82,17,4.21,6.26,19582.5,10760421,45,22,2020-11-16,13148.0,76403.0,1165.0,2198.0,59.0,0.16717371463340433
Greece,Europe,39.07,21.82,17,4.21,6.26,19582.5,10760421,45,22,2020-11-17,29798.0,78825.0,1228.0,2422.0,63.0,0.08128062286059468
Greece,Europe,39.07,21.82,17,4.21,6.26,19582.5,10760421,45,22,2020-11-18,31777.0,82034.0,1288.0,3209.0,60.0,0.10098498914309091
Greece,Europe,39.07,21.82,17,4.21,6.26,19582.5,10760421,45,22,2020-11-19,31071.0,85261.0,1347.0,3227.0,59.0,0.10385890380097197
Greece,Europe,39.07,21.82,17,4.21,6.26,19582.5,10760421,45,22,2020-11-20,31130.0,87812.0,1419.0,2551.0,72.0,0.08194667523289431
Greece,Europe,39.07,21.82,17,4.21,6.26,19582.5,10760421,45,22,2020-11-21,30920.0,90121.0,1527.0,2309.0,108.0,0.07467658473479949
Greece,Europe,39.07,21.82,17,4.21,6.26,19582.5,10760421,45,22,2020-11-22,15803.0,91619.0,1630.0,1498.0,103.0,0.09479212807694741
Greece,Europe,39.07,21.82,17,4.21,6.26,19582.5,10760421,45,22,2020-11-26,31518.0,99306.0,2001.0,2018.0,99.0,0.06402690526048607
Greece,Europe,39.07,21.82,17,4.21,6.26,19582.5,10760421,45,22,2020-11-27,30845.0,101287.0,2102.0,1981.0,101.0,0.06422434754417247
Greece,Europe,39.07,21.82,17,4.21,6.26,19582.5,10760421,45,22,2020-11-28,29454.0,103034.0,2223.0,1747.0,121.0,0.05931282678074285
Greece,Europe,39.07,21.82,17,4.21,6.26,19582.5,10760421,45,22,2020-11-29,16426.0,104227.0,2321.0,1193.0,98.0,0.07262875928406186
Greece,Europe,39.07,21.82,17,4.21,6.26,19582.5,10760421,45,22,2020-11-30,11372.0,105271.0,2406.0,1044.0,85.0,0.09180443193809357
Greece,Europe,39.07,21.82,17,4.21,6.26,19582.5,10760421,45,22,2020-12-01,30923.0,107470.0,2517.0,2199.0,111.0,0.07111211719432138
Greece,Europe,39.07,21.82,17,4.21,6.26,19582.5,10760421,45,22,2020-12-02,28480.0,109655.0,2606.0,2185.0,89.0,0.07672050561797752
Greece,Europe,39.07,21.82,17,4.21,6.26,19582.5,10760421,45,22,2020-12-03,29799.0,111537.0,2706.0,1882.0,100.0,0.06315648176113292
Greece,Europe,39.07,21.82,17,4.21,6.26,19582.5,10760421,45,22,2020-12-04,27082.0,113185.0,2804.0,1648.0,98.0,0.06085222657115427
Greece,Europe,39.07,21.82,17,4.21,6.26,19582.5,10760421,45,22,2020-12-05,27639.0,114568.0,2902.0,1383.0,98.0,0.05003798979702594
Greece,Europe,39.07,21.82,17,4.21,6.26,19582.5,10760421,45,22,2020-12-06,12968.0,115471.0,3003.0,903.0,101.0,0.0696329426280074
Greece,Europe,39.07,21.82,17,4.21,6.26,19582.5,10760421,45,22,2020-12-07,10526.0,116721.0,3092.0,1250.0,89.0,0.11875356260687821
Greece,Europe,39.07,21.82,17,4.21,6.26,19582.5,10760421,45,22,2020-12-08,30050.0,118045.0,3194.0,1324.0,102.0,0.04405990016638935
Greece,Europe,39.07,21.82,17,4.21,6.26,19582.5,10760421,45,22,2020-12-09,30292.0,119720.0,3289.0,1675.0,95.0,0.055295127426383206
Greece,Europe,39.07,21.82,17,4.21,6.26,19582.5,10760421,45,22,2020-12-10,32494.0,121253.0,3370.0,1533.0,81.0,0.04717794054286945
Greece,Europe,39.07,21.82,17,4.21,6.26,19582.5,10760421,45,22,2020-12-11,32747.0,122648.0,3472.0,1395.0,102.0,0.042599322075304605
Greece,Europe,39.07,21.82,17,4.21,6.26,19582.5,10760421,45,22,2020-12-12,31284.0,123842.0,3540.0,1194.0,68.0,0.038166474875335636
Greece,Europe,39.07,21.82,17,4.21,6.26,19582.5,10760421,45,22,2020-12-13,15792.0,124534.0,3625.0,692.0,85.0,0.04381965552178318
Greece,Europe,39.07,21.82,17,4.21,6.26,19582.5,10760421,45,22,2020-12-14,11979.0,125173.0,3687.0,639.0,62.0,0.05334335086401202
Greece,Europe,39.07,21.82,17,4.21,6.26,19582.5,10760421,45,22,2020-12-15,32937.0,126372.0,3785.0,1199.0,98.0,0.03640282964447278
Greece,Europe,39.07,21.82,17,4.21,6.26,19582.5,10760421,45,22,2020-12-16,33727.0,127557.0,3870.0,1185.0,85.0,0.03513505500044475
Greece,Europe,39.07,21.82,17,4.21,6.26,19582.5,10760421,45,22,2020-12-17,33509.0,128710.0,3948.0,1153.0,78.0,0.03440866632844907
Greece,Europe,39.07,21.82,17,4.21,6.26,19582.5,10760421,45,22,2020-12-18,36084.0,129584.0,4044.0,874.0,96.0,0.024221261500942247
Greece,Europe,39.07,21.82,17,4.21,6.26,19582.5,10760421,45,22,2020-12-19,32601.0,130485.0,4102.0,901.0,58.0,0.027637189043280882
Greece,Europe,39.07,21.82,17,4.21,6.26,19582.5,10760421,45,22,2020-12-20,15626.0,131072.0,4172.0,587.0,70.0,0.03756559580186868
Greece,Europe,39.07,21.82,17,4.21,6.26,19582.5,10760421,45,22,2020-12-21,11861.0,131597.0,4257.0,525.0,85.0,0.04426270972093416
Greece,Europe,39.07,21.82,17,4.21,6.26,19582.5,10760421,45,22,2020-12-22,33723.0,132430.0,4340.0,833.0,83.0,0.024701242475461852
Greece,Europe,39.07,21.82,17,4.21,6.26,19582.5,10760421,45,22,2020-12-23,33587.0,133365.0,4402.0,935.0,62.0,0.027838151665823086
Greece,Europe,39.07,21.82,17,4.21,6.26,19582.5,10760421,45,22,2020-12-24,31775.0,134235.0,4457.0,870.0,55.0,0.02738001573564123
Greece,Europe,39.07,21.82,17,4.21,6.26,19582.5,10760421,45,22,2020-12-25,30062.0,134852.0,4507.0,617.0,50.0,0.020524249883573948
Greece,Europe,39.07,21.82,17,4.21,6.26,19582.5,10760421,45,22,2020-12-26,5832.0,135114.0,4553.0,262.0,46.0,0.04492455418381344
Greece,Europe,39.07,21.82,17,4.21,6.26,19582.5,10760421,45,22,2020-12-27,6143.0,135456.0,4606.0,342.0,53.0,0.05567312388083998
Greece,Europe,39.07,21.82,17,4.21,6.26,19582.5,10760421,45,22,2020-12-28,7339.0,135931.0,4672.0,475.0,66.0,0.0647227142662488
Greece,Europe,39.07,21.82,17,4.21,6.26,19582.5,10760421,45,22,2020-12-29,31929.0,136976.0,4730.0,1045.0,58.0,0.03272886717404241
Greece,Europe,39.07,21.82,17,4.21,6.26,19582.5,10760421,45,22,2020-12-30,35015.0,137918.0,4788.0,942.0,58.0,0.02690275596173069
Greece,Europe,39.07,21.82,17,4.21,6.26,19582.5,10760421,45,22,2020-12-31,31923.0,138850.0,4838.0,932.0,50.0,0.02919525107289415
Greece,Europe,39.07,21.82,17,4.21,6.26,19582.5,10760421,45,22,2021-01-01,28639.0,139447.0,4881.0,597.0,43.0,0.020845699919689934
Greece,Europe,39.07,21.82,17,4.21,6.26,19582.5,10760421,45,22,2021-01-02,4798.0,139709.0,4921.0,262.0,40.0,0.05460608586911213
Greece,Europe,39.07,21.82,17,4.21,6.26,19582.5,10760421,45,22,2021-01-03,8504.0,140099.0,4957.0,390.0,36.0,0.04586077140169332
Greece,Europe,39.07,21.82,17,4.21,6.26,19582.5,10760421,45,22,2021-01-04,8282.0,140526.0,5011.0,427.0,54.0,0.05155759478386863
Greece,Europe,39.07,21.82,17,4.21,6.26,19582.5,10760421,45,22,2021-01-05,31996.0,141453.0,5051.0,927.0,40.0,0.028972371546443304
Greece,Europe,39.07,21.82,17,4.21,6.26,19582.5,10760421,45,22,2021-01-06,30286.0,142267.0,5099.0,814.0,48.0,0.02687710493297233
Greece,Europe,39.07,21.82,17,4.21,6.26,19582.5,10760421,45,22,2021-01-07,8697.0,142777.0,5146.0,510.0,47.0,0.058640910658847877
Greece,Europe,39.07,21.82,17,4.21,6.26,19582.5,10760421,45,22,2021-01-08,36458.0,143494.0,5195.0,717.0,49.0,0.019666465521970485
Greece,Europe,39.07,21.82,17,4.21,6.26,19582.5,10760421,45,22,2021-01-09,36683.0,144293.0,5227.0,799.0,32.0,0.021781206553444375
Greece,Europe,39.07,21.82,17,4.21,6.26,19582.5,10760421,45,22,2021-01-10,19708.0,144738.0,5263.0,445.0,36.0,0.022579663080982342
Greece,Europe,39.07,21.82,17,4.21,6.26,19582.5,10760421,45,22,2021-01-11,16670.0,145179.0,5302.0,441.0,39.0,0.026454709058188364
Greece,Europe,39.07,21.82,17,4.21,6.26,19582.5,10760421,45,22,2021-01-12,41674.0,146020.0,5329.0,841.0,27.0,0.020180448241109563
Greece,Europe,39.07,21.82,17,4.21,6.26,19582.5,10760421,45,22,2021-01-13,34980.0,146688.0,5354.0,668.0,25.0,0.019096626643796456
Greece,Europe,39.07,21.82,17,4.21,6.26,19582.5,10760421,45,22,2021-01-14,35039.0,147283.0,5387.0,595.0,33.0,0.016981078227118356
Greece,Europe,39.07,21.82,17,4.21,6.26,19582.5,10760421,45,22,2021-01-15,32528.0,147860.0,5421.0,577.0,34.0,0.017738563698967043
Greece,Europe,39.07,21.82,17,4.21,6.26,19582.5,10760421,45,22,2021-01-16,30313.0,148370.0,5441.0,510.0,20.0,0.01682446475109689
Greece,Europe,39.07,21.82,17,4.21,6.26,19582.5,10760421,45,22,2021-01-17,10795.0,148607.0,5469.0,237.0,28.0,0.021954608615099583
Greece,Europe,39.07,21.82,17,4.21,6.26,19582.5,10760421,45,22,2021-01-18,8173.0,148925.0,5488.0,318.0,19.0,0.03890860149271993
Greece,Europe,39.07,21.82,17,4.21,6.26,19582.5,10760421,45,22,2021-01-19,31599.0,149462.0,5518.0,537.0,30.0,0.016994208677489794
Greece,Europe,39.07,21.82,17,4.21,6.26,19582.5,10760421,45,22,2021-01-20,30429.0,149973.0,5545.0,511.0,27.0,0.016793190706234185
Greece,Europe,39.07,21.82,17,4.21,6.26,19582.5,10760421,45,22,2021-01-21,29455.0,150479.0,5570.0,506.0,25.0,0.017178747241554913
Greece,Europe,39.07,21.82,17,4.21,6.26,19582.5,10760421,45,22,2021-01-22,32437.0,151041.0,5598.0,562.0,28.0,0.01732589327003114
Greece,Europe,39.07,21.82,17,4.21,6.26,19582.5,10760421,45,22,2021-01-23,30996.0,151646.0,5622.0,605.0,24.0,0.019518647567428056
Greece,Europe,39.07,21.82,17,4.21,6.26,19582.5,10760421,45,22,2021-01-24,11873.0,151980.0,5646.0,334.0,24.0,0.028131053651141245
Greece,Europe,39.07,21.82,17,4.21,6.26,19582.5,10760421,45,22,2021-01-25,9394.0,152412.0,5671.0,432.0,25.0,0.04598680008516074
Greece,Europe,39.07,21.82,17,4.21,6.26,19582.5,10760421,45,22,2021-01-26,36240.0,153226.0,5692.0,814.0,21.0,0.022461368653421635
Greece,Europe,39.07,21.82,17,4.21,6.26,19582.5,10760421,45,22,2021-01-27,37695.0,154083.0,5724.0,857.0,32.0,0.02273511075739488
Greece,Europe,39.07,21.82,17,4.21,6.26,19582.5,10760421,45,22,2021-01-28,34044.0,154796.0,5742.0,713.0,18.0,0.02094348490189167
Greece,Europe,39.07,21.82,17,4.21,6.26,19582.5,10760421,45,22,2021-01-29,45381.0,155678.0,5764.0,882.0,22.0,0.01943544655252198
Greece,Europe,39.07,21.82,17,4.21,6.26,19582.5,10760421,45,22,2021-01-30,31904.0,156473.0,5779.0,795.0,15.0,0.024918505516549647
Greece,Europe,39.07,21.82,17,4.21,6.26,19582.5,10760421,45,22,2021-01-31,13157.0,156957.0,5796.0,484.0,17.0,0.03678650148210078
Greece,Europe,39.07,21.82,17,4.21,6.26,19582.5,10760421,45,22,2021-02-01,11351.0,157495.0,5829.0,538.0,33.0,0.047396705136111356
Greece,Europe,39.07,21.82,17,4.21,6.26,19582.5,10760421,45,22,2021-02-02,37591.0,158716.0,5851.0,1221.0,22.0,0.032481179005613044
Greece,Europe,39.07,21.82,17,4.21,6.26,19582.5,10760421,45,22,2021-02-03,38696.0,159866.0,5878.0,1150.0,27.0,0.029718833988009098
Greece,Europe,39.07,21.82,17,4.21,6.26,19582.5,10760421,45,22,2021-02-04,44396.0,160935.0,5903.0,1069.0,25.0,0.024078745832957923
Greece,Europe,39.07,21.82,17,4.21,6.26,19582.5,10760421,45,22,2021-02-05,45888.0,162107.0,5922.0,1172.0,19.0,0.02554044630404463
Greece,Europe,39.07,21.82,17,4.21,6.26,19582.5,10760421,45,22,2021-02-06,46057.0,163213.0,5951.0,1106.0,29.0,0.024013722126929673
Greece,Europe,39.07,21.82,17,4.21,6.26,19582.5,10760421,45,22,2021-02-07,21997.0,163946.0,5972.0,733.0,21.0,0.03332272582624903
Greece,Europe,39.07,21.82,17,4.21,6.26,19582.5,10760421,45,22,2021-02-08,18152.0,164575.0,5997.0,629.0,25.0,0.03465182899955928
Greece,Europe,39.07,21.82,17,4.21,6.26,19582.5,10760421,45,22,2021-02-09,53015.0,166067.0,6017.0,1492.0,20.0,0.02814297840233896
Greece,Europe,39.07,21.82,17,4.21,6.26,19582.5,10760421,45,22,2021-02-10,51407.0,167549.0,6034.0,1482.0,17.0,0.028828758729355926
Greece,Europe,39.07,21.82,17,4.21,6.26,19582.5,10760421,45,22,2021-02-11,50879.0,168872.0,6056.0,1323.0,22.0,0.0260028695532538
Greece,Europe,39.07,21.82,17,4.21,6.26,19582.5,10760421,45,22,2021-02-12,47662.0,170244.0,6077.0,1372.0,21.0,0.028786034996433216
Greece,Europe,39.07,21.82,17,4.21,6.26,19582.5,10760421,45,22,2021-02-13,45833.0,171466.0,6103.0,1222.0,26.0,0.026662012087360635
Greece,Europe,39.07,21.82,17,4.21,6.26,19582.5,10760421,45,22,2021-02-14,19694.0,172128.0,6126.0,662.0,23.0,0.03361429877119935
Greece,Europe,39.07,21.82,17,4.21,6.26,19582.5,10760421,45,22,2021-02-15,13304.0,172824.0,6152.0,696.0,26.0,0.052315093205051115
Greece,Europe,39.07,21.82,17,4.21,6.26,19582.5,10760421,45,22,2021-02-16,40446.0,173905.0,6181.0,1081.0,29.0,0.02672699401671364
Greece,Europe,39.07,21.82,17,4.21,6.26,19582.5,10760421,45,22,2021-02-17,25724.0,174659.0,6194.0,754.0,13.0,0.02931114912144301
Greece,Europe,39.07,21.82,17,4.21,6.26,19582.5,10760421,45,22,2021-02-18,37009.0,176059.0,6221.0,1400.0,27.0,0.03782863627766219
Greece,Europe,39.07,21.82,17,4.21,6.26,19582.5,10760421,45,22,2021-02-19,45653.0,177494.0,6249.0,1435.0,28.0,0.03143276454997481
Greece,Europe,39.07,21.82,17,4.21,6.26,19582.5,10760421,45,22,2021-02-20,43310.0,178918.0,6272.0,1424.0,23.0,0.03287924266912953
Greece,Europe,39.07,21.82,17,4.21,6.26,19582.5,10760421,45,22,2021-02-21,23139.0,179802.0,6297.0,884.0,25.0,0.038203898180560955
Greece,Europe,39.07,21.82,17,4.21,6.26,19582.5,10760421,45,22,2021-02-22,15610.0,180672.0,6321.0,870.0,24.0,0.05573350416399744
Greece,Europe,39.07,21.82,17,4.21,6.26,19582.5,10760421,45,22,2021-02-23,100543.0,182783.0,6343.0,2111.0,22.0,0.020995991764717583
Greece,Europe,39.07,21.82,17,4.21,6.26,19582.5,10760421,45,22,2021-02-24,4215.0,184686.0,6371.0,1903.0,28.0,0.45148279952550413
Greece,Europe,39.07,21.82,17,4.21,6.26,19582.5,10760421,45,22,2021-02-25,50247.0,186469.0,6410.0,1783.0,39.0,0.03548470555456047
